2017_pj2kYvcHNyCfDOaoDNymDA,0.6138517,0.047327906,0.08696717,0.037416905,0.013783813,0.016372442,0.16464198,0.020579308,0.03740689,0.024422526,101,2017_pj2kYvcHNyCfDOaoDNymDA_0.jpg,48.827597,2.366086,a long row of buildings on a city street;a long row of buildings and a street sign;a long row of buildings on the side of a street;a long row of buildings on the side of a road;a long row of buildings on the side of the road
2017_VWmxIlZorBc-CcQeBA1fbg,0.63390535,0.03735885,0.045081407,0.045527697,0.008934528,0.014074177,0.10422826,0.011820942,0.04173729,0.01772961,101,2017_VWmxIlZorBc-CcQeBA1fbg_0.jpg,48.837597,2.296086,a city street with people walking down it;a city street with people walking on the sidewalk;a city street with people walking down the sidewalk;a city street with people walking down the street;a city street with buildings and people walking down it
2017_EmsGj3Phui_J204d4X_yOQ,0.66696966,0.03890434,0.0335958,0.057469994,0.009865075,0.017521948,0.07878658,0.01121816,0.047599375,0.01621458,101,2017_EmsGj3Phui_J204d4X_yOQ_0.jpg,48.827597,2.356086,a city street with buildings on each side;a city street with buildings on the side of the street;a city street with buildings on the side of it;a city street with buildings on the side of the road;a city street with a building and a green and red bus
2017_unj8KB7zfwtpbivya2Cx8A,0.68606424,0.04359296,0.041603416,0.0470514,0.010616213,0.017303854,0.08248973,0.014215499,0.04423651,0.016630083,101,2017_unj8KB7zfwtpbivya2Cx8A_0.jpg,48.837597,2.346086,cars parked on the side of a city street;cars parked on the side of the street;cars parked on the side of a street near a building;cars parked on the side of a road near a building;cars parked on the side of the road in front of a building
2017_g3MYJXmvVjC4k1UuM7sJCQ,0.33927584,0.028141916,0.019892484,0.22098091,0.013114899,0.024490356,0.1822364,0.009191692,0.10781461,0.042387396,301,2017_g3MYJXmvVjC4k1UuM7sJCQ_0.jpg,48.837597,2.376086,a boat that is sitting in the water;a boat that is sitting in a body of water;a boat on a body of water with a sky in the background;a boat on a body of water with a sky background;a boat that is sitting in the water near the shore
2017_LNTKnQ8hWTq5tmfdzEqQBQ,0.44946697,0.02484551,0.018103361,0.14866588,0.010052353,0.019121021,0.17214042,0.007912695,0.077834904,0.031005174,101,2017_LNTKnQ8hWTq5tmfdzEqQBQ_0.jpg,48.847597,2.226086,a wooden dock sitting next to a body of water;a wooden dock sitting next to a lake;a wooden dock on a river with a bridge in the background;a wooden dock on the water with a bridge in the background;a wooden dock sitting next to a lake under a cloudy sky
2017_Nl8-yCXq7fN4GoIhoShvNA,0.4421234,0.04539317,0.023116678,0.19296136,0.021331549,0.04117608,0.11068532,0.01406911,0.17212903,0.043985486,101,2017_Nl8-yCXq7fN4GoIhoShvNA_0.jpg,48.807597,2.446086,a view of a street from the side of the road;a street with cars parked on the side of it;a view of a street from the street;a view of a street from the side of the street;a street with cars parked on the side of the road
2017_VmJPA4zoNB5W1myQb-nlGg,0.5585665,0.04045412,0.023782432,0.11556271,0.014864266,0.02597639,0.08770487,0.011621863,0.10329285,0.02959752,101,2017_VmJPA4zoNB5W1myQb-nlGg_0.jpg,48.857597,2.436086,an empty parking lot in front of a large building;an empty parking lot next to a large building;an empty parking lot next to a building;an empty parking lot in front of a building;an empty parking lot in front of a big building
2017_5gRYiYxat5UIJjcwmwWPfQ,0.32367364,0.037480146,0.023502618,0.27256376,0.02208513,0.038557887,0.15287176,0.013172776,0.19223356,0.05609426,301,2017_5gRYiYxat5UIJjcwmwWPfQ_0.jpg,48.857597,2.256086,a photo taken from a vehicle looking down at a river;a photo taken from a vehicle looking down at a body of water;a photo taken from a vehicle looking down at the road;a photo taken from a vehicle looking down at a road;a photo taken from a vehicle of a road with a view
2017_1FywR2S4xnJu_TS_wIQWDg,0.6481592,0.031594783,0.022373855,0.06489754,0.008178592,0.016541898,0.09683418,0.009222388,0.050317824,0.017983675,101,2017_1FywR2S4xnJu_TS_wIQWDg_0.jpg,48.777597,2.336086,a car driving down a street next to houses;a car driving down a street next to tall buildings;a street with cars parked on the side of it;a street with cars parked on the side of the road;a street with cars parked on the side of the street
2017_kVDGdxpacr0IGU65k5-6AA,0.364429,0.02590248,0.02408275,0.19505545,0.011027634,0.021114439,0.21966287,0.00973779,0.06840369,0.044575065,502,2017_kVDGdxpacr0IGU65k5-6AA_0.jpg,48.827597,2.426086,a dirt road between a row of trees;a dirt road surrounded by trees and bushes;a dirt road surrounded by a forest;a dirt road between some trees on a dirt road;a dirt road surrounded by a forest and trees
2017_VpeRwj982UYLEMJexMaX7g,0.6596389,0.05942911,0.07254639,0.053580076,0.01579386,0.021038592,0.078624874,0.019033313,0.05224037,0.020208478,101,2017_VpeRwj982UYLEMJexMaX7g_0.jpg,48.847597,2.416086,a city street filled with lots of traffic;a street with cars parked on the side of the road;a long line of cars parked on the side of the road;a city street filled with lots of traffic next to trees;a street with cars parked on the side of it
2017_Lx-0XbXVGHPkXsZgwtNzLQ,0.66699666,0.053579032,0.060551018,0.052913636,0.014401555,0.020578742,0.075238466,0.017076403,0.05161822,0.018807411,101,2017_Lx-0XbXVGHPkXsZgwtNzLQ_0.jpg,48.827597,2.326086,a truck parked in front of a tall building;a white truck driving down a street next to tall buildings;a white truck driving past a tall building;a truck parked in front of a building;a white truck driving down a street next to tall building
2017_J63pFOgNQT9AJ7rZj-QwGw,0.5392206,0.051610768,0.028198004,0.13642502,0.021943629,0.03673598,0.090501666,0.015936077,0.14590317,0.036382258,101,2017_J63pFOgNQT9AJ7rZj-QwGw_0.jpg,48.787597,2.396086,a view of a building from a parking lot;cars parked on the side of the road;a view of a building from the street;cars parked in front of a building on the street;cars parked in front of a building on the side of the street
2017_uKOes4CSRZVDU4UIjhmgQQ,0.65997916,0.050951213,0.058341354,0.05350831,0.013327062,0.019442677,0.0768109,0.015820473,0.049883276,0.018116862,101,2017_uKOes4CSRZVDU4UIjhmgQQ_0.jpg,48.857597,2.386086,a city street filled with lots of traffic;a city street lined with buildings and parked cars;a city street filled with tall buildings next to tall buildings;a city street filled with lots of traffic next to buildings;a city street filled with lots of traffic next to tall buildings
2017_7RbXGzpn4psMOpRRvuNtGA,0.6738772,0.045922786,0.054357767,0.039860636,0.010896087,0.015971541,0.09949449,0.015834242,0.03898403,0.017077267,101,2017_7RbXGzpn4psMOpRRvuNtGA_0.jpg,48.847597,2.476086,a group of cars parked in front of a church;a group of cars parked outside of a building;a group of cars parked outside of a church;a group of cars parked outside a church;a group of cars parked outside a building
2017_stc7i5Np6SMRgN_U7kfHQA,0.6601328,0.050539017,0.053643584,0.055815607,0.013607353,0.020757437,0.07294151,0.015392274,0.052760184,0.018503636,101,2017_stc7i5Np6SMRgN_U7kfHQA_0.jpg,48.837597,2.276086,a red bus driving down a street next to tall buildings;a red bus driving down a city street;a red bus driving down a road next to tall buildings;a group of cars driving down a street;a group of cars driving down a street next to tall buildings
2017_yBLToAUCuTp61QM7Au83yw,0.42646393,0.04709193,0.02348885,0.21387717,0.022931904,0.04073128,0.100896984,0.015000999,0.18975341,0.046778947,301,2017_yBLToAUCuTp61QM7Au83yw_0.jpg,48.797597,2.406086,a long road with a few cars on it;a long road with a few cars parked on the side;a road with a long line of cars parked on it;a long road with a few cars parked on it;a long road with a few cars parked on the side of it
2017_3dDiRVhDwB8E3yQU-IJlfg,0.6469698,0.035770863,0.026078314,0.066854686,0.009767294,0.018093884,0.08884844,0.010466903,0.055970103,0.018657327,101,2017_3dDiRVhDwB8E3yQU-IJlfg_0.jpg,48.807597,2.256086,a view of a street from the street;a view of a street with a house on it;a view of a neighborhood street with a street light;an empty street with a street light and a street light pole;a view of a street with a house on the street
2017_UK8-1J33NYpUbwpUzwoUbQ,0.6113044,0.028976202,0.02188018,0.070901096,0.00783819,0.015276283,0.10041097,0.008311063,0.057051837,0.01923114,101,2017_UK8-1J33NYpUbwpUzwoUbQ_0.jpg,48.817597,2.336086,a view of a building from the street;a view of a building from the side;a view of a building from the side of a road;a view of a building from the side of the road;a view of a building from a street
2017_W_8AMlxQuHIER4KW7snlRg,0.32486528,0.030685008,0.020043135,0.26297414,0.01381278,0.028910965,0.18528003,0.010601044,0.09872949,0.051517814,301,2017_W_8AMlxQuHIER4KW7snlRg_0.jpg,48.827597,2.446086,a car driving down a road in the snow;a car driving down a road with snow on it;a car parked on the side of the road;the car is driving down the road in the snow;a car parked on the side of a road in the snow
2017_KsllBcVlt4r9KOhVJZ6GnQ,0.44162247,0.032774985,0.0191966,0.18494833,0.013968676,0.025091082,0.11274773,0.010147631,0.13269079,0.036777675,101,2017_KsllBcVlt4r9KOhVJZ6GnQ_0.jpg,48.777597,2.466086,a view of a street from the side of the road;a view of a street from the side of a road;a view of a street from the street;a view of a street from the side of a street;a view of a street from the side
2017_0XtpfY_0HyoHM-iAvJudEA,0.40885276,0.02251944,0.018714428,0.18860298,0.009818614,0.018417716,0.19029003,0.007931948,0.077685446,0.036226273,101,2017_0XtpfY_0HyoHM-iAvJudEA_0.jpg,48.817597,2.236086,a dirt road between some trees on a sunny day;a dirt road between some trees on the side;a dirt road between two trees on a sunny day;a dirt road between some trees and a dirt road;a dirt road between some trees on the side of the road
2017_So1PsCqTA2v7YGfp3cvhwA,0.5701908,0.054941177,0.029575795,0.11720136,0.021817446,0.034475952,0.08774519,0.016415298,0.12642884,0.032720387,101,2017_So1PsCqTA2v7YGfp3cvhwA_0.jpg,48.777597,2.306086,a couple of cars parked in a parking lot;a parking lot with several cars parked in it;several cars parked in a parking lot near trees;a parking lot with cars parked in it;several cars parked in a parking lot near a building
2017_ZCRtAE_1TA4BMOLFkpuf2A,0.43142378,0.03615755,0.018851161,0.20970005,0.017915577,0.0314807,0.107712954,0.011801809,0.15066022,0.041278034,301,2017_ZCRtAE_1TA4BMOLFkpuf2A_0.jpg,48.787597,2.276086,a residential street with houses in the background;a residential street with houses in the back;a residential street with houses and a fence;a white house with a green plant in front of it;a residential street with houses in the background and houses
2017_sbramWSt5Va3DOGn0uzmiA,0.640226,0.035480082,0.022770315,0.07745424,0.010349005,0.02030605,0.09248209,0.0106543,0.061029315,0.020325482,101,2017_sbramWSt5Va3DOGn0uzmiA_0.jpg,48.807597,2.316086,a long empty street with houses on both sides;a long empty street in a small town;a long empty street in the middle of the day;a long empty street in the middle of a residential area;a long empty street with houses on each side
2017_lYZXw3LlKYcSlLOVIdgjuQ,0.6636613,0.05627522,0.07072708,0.050992906,0.014896542,0.020380557,0.07603121,0.017836511,0.051206827,0.019314796,101,2017_lYZXw3LlKYcSlLOVIdgjuQ_0.jpg,48.857597,2.366086,a long narrow street with no cars parked;a view of a city street from the street;a long narrow street with no cars parked on it;a long narrow street with no cars parked on the side;a view of a city street from the side of the road
2017_WJNUty2ZVFV2pY635Byt6A,0.6754247,0.036356926,0.035058886,0.044435024,0.00857231,0.015301764,0.10417068,0.012506694,0.039452404,0.016665965,101,2017_WJNUty2ZVFV2pY635Byt6A_0.jpg,48.817597,2.466086,a view of a city street from a window;a view of a city street with buildings in the background;a view of a city street from the side of a building;a view of a city street from the side of the street;a view of a city street with buildings on the side
2017_2S0xVWE7hxMcun6RDMHDVA,0.5913707,0.04922855,0.029013604,0.10607934,0.017650634,0.029310942,0.08559239,0.01372996,0.10908505,0.02930525,101,2017_2S0xVWE7hxMcun6RDMHDVA_0.jpg,48.847597,2.366086,a long road with buildings on each side;an empty street with buildings on each side;an empty city street with no cars on it;an empty city street with no cars on the road;an empty city street with no cars on the street
2017_N-c4fxGywGWQNLw8J1OhOw,0.33953494,0.026894718,0.023417085,0.22922832,0.011969239,0.023979783,0.22736207,0.010503143,0.07513693,0.05062002,301,2017_N-c4fxGywGWQNLw8J1OhOw_0.jpg,48.817597,2.356086,a dirt road surrounded by trees and bushes;a dirt road surrounded by green bushes;a narrow dirt road between some trees;a dirt road surrounded by a forest and trees;a dirt road surrounded by a forest and some trees
2017_okFnSIDWSbwddfjwI1hhuw,0.41348898,0.04014811,0.020724922,0.21897155,0.020170957,0.03383994,0.10875276,0.012979001,0.16574782,0.04530996,301,2017_okFnSIDWSbwddfjwI1hhuw_0.jpg,48.847597,2.256086,a empty parking lot with trees in the background;an empty parking lot next to some trees;an empty parking lot next to a road;an empty parking lot next to a street;a parking lot with trees and a street sign
2017_O9eLVnnZZnIt5qO9np6CIA,0.65058327,0.04892087,0.03970298,0.07658848,0.015485287,0.022993922,0.07212213,0.015186489,0.068558246,0.021908313,101,2017_O9eLVnnZZnIt5qO9np6CIA_0.jpg,48.807597,2.476086,a group of cars driving down a city street;a group of cars driving down a street;a city street filled with traffic next to a tall building;a group of cars driving down a street next to tall buildings;a city street filled with lots of traffic and tall buildings
2017_n_WWsIlLjKfMOtSlNZ9V2A,0.6810563,0.040791214,0.033128202,0.05262807,0.010338992,0.018198848,0.08572313,0.013144016,0.043486416,0.01654154,101,2017_n_WWsIlLjKfMOtSlNZ9V2A_0.jpg,48.807597,2.456086,a motorcycle parked on the side of a road;a motorcycle parked on the side of the road;a motorcycle parked on the side of a street;a motorcycle is parked on the side of the road;a motorcycle parked on the side of the street
2017_zVDuykNS0fDW686zMAOnqA,0.35261074,0.026304632,0.01774773,0.23419428,0.011864513,0.023815602,0.18691707,0.008918852,0.09305212,0.042719424,301,2017_zVDuykNS0fDW686zMAOnqA_0.jpg,48.817597,2.216086,a view of a road from the side;a view of a street from the side of a road;a view of a street from the side of the road;a view of a street with a car driving down the road;a view of a road from the side of a road
2017_an3cvjAjSqtPWYIyEPD_NQ,0.5866541,0.05554828,0.031710774,0.112439394,0.022790015,0.03360808,0.08496633,0.01743403,0.120827824,0.031777084,101,2017_an3cvjAjSqtPWYIyEPD_NQ_0.jpg,48.777597,2.286086,a group of cars parked on the side of a road;a group of cars parked on the side of the road;a group of cars parked on the side of a street;cars are parked on the side of the road;a group of cars driving down a street next to trees
2017_H1FGU8iZOo-iW1LD5o-5tA,0.6690614,0.053811938,0.055637896,0.054580152,0.014307141,0.02151075,0.07472703,0.016569853,0.05227655,0.018558383,101,2017_H1FGU8iZOo-iW1LD5o-5tA_0.jpg,48.847597,2.426086,a couple of cars parked in front of a building;two cars parked in front of a building;a couple of cars parked on the side of a street;a group of cars parked in front of a building;a group of cars parked on the side of a street
2017_EsMma1cpqdFuzNEY7p3xOw,0.43052173,0.07791975,0.03800726,0.21694043,0.041211307,0.06789684,0.10374004,0.028408557,0.24048674,0.06286883,301,2017_EsMma1cpqdFuzNEY7p3xOw_0.jpg,48.797597,2.216086,a group of cars driving down a highway;a group of cars driving on a highway;a group of cars driving down a road;a group of cars driving down a street;a group of cars driving down a road next to trees
2017_rdHIEqbAvjscxKqdC11krw,0.6422441,0.033040464,0.023642898,0.07268655,0.009519637,0.018126726,0.082808286,0.009683758,0.05630496,0.018396974,101,2017_rdHIEqbAvjscxKqdC11krw_0.jpg,48.797597,2.456086,a white truck driving down a street next to tall buildings;a white truck driving down a street next to a white truck;a white truck driving down the middle of a street;a white truck driving down a street next to buildings;a white truck driving down a road next to a white truck
2017_gsGByr4LdKFF2GEWpgCBgA,0.36009765,0.06592488,0.03378257,0.26842105,0.034666926,0.06650999,0.11513615,0.022844702,0.25343943,0.06795478,301,2017_gsGByr4LdKFF2GEWpgCBgA_0.jpg,48.817597,2.406086,a parking lot with graffiti on it and a building in the background;a concrete bench with graffiti on it on a cloudy day;a concrete bench with graffiti on it in the evening;a concrete bench with graffiti on it and a building in the background;a parking lot with graffiti on it and a building with a sky background
2017_QqjdMaoUfigaycw0IxUUpA,0.27567643,0.03358522,0.024534136,0.32715806,0.016618073,0.03338033,0.20756018,0.012797445,0.11584261,0.065778404,301,2017_QqjdMaoUfigaycw0IxUUpA_0.jpg,48.837597,2.466086,a empty road with a grassy field in the background;a empty road with a few trees in the background;a empty road with a long line of trees;a empty road with a grassy field and trees;a empty road with a long line of trees on the side
2017_SIvOfa5Ry_ShM27Ui5RHjA,0.64596117,0.043237984,0.03633675,0.0715794,0.012526304,0.020747483,0.07578209,0.012134463,0.06165293,0.019397229,101,2017_SIvOfa5Ry_ShM27Ui5RHjA_0.jpg,48.837597,2.476086,a view of a city street from the side;a view of a street with cars and buildings;a view of a city street with cars and buildings;a view of a city street from the side of a building;a view of a street with cars and buildings on each side
2017_nItIxB_btVwIBGf6orI0lA,0.5004518,0.06913763,0.03746447,0.15233952,0.027625144,0.047204822,0.0935334,0.019984633,0.19021946,0.045292288,101,2017_nItIxB_btVwIBGf6orI0lA_0.jpg,48.787597,2.236086,a view of a street from a car window;a car driving down a street with tall buildings;a view of a city street from the window;a car driving down a street with tall buildings in the background;a car driving down the road in the middle of the day
2017_THZdlIqHg2bvP9XQTz66jA,0.5349227,0.0433006,0.024198085,0.12992072,0.016928732,0.029919624,0.08958998,0.012710452,0.12345129,0.031972617,101,2017_THZdlIqHg2bvP9XQTz66jA_0.jpg,48.787597,2.386086,a blue car parked on the side of the road;a blue car parked on the side of a road;a blue car driving down a road next to a forest;a blue car driving down a street next to a forest;a blue car driving down a road next to a black car
2017_vJy6uL5UCJy37Yj-eycesA,0.5925277,0.042729974,0.024903625,0.10626897,0.015051305,0.026794642,0.0834631,0.011826217,0.09563902,0.02623728,101,2017_vJy6uL5UCJy37Yj-eycesA_0.jpg,48.797597,2.276086,a view of a street from the side;a view of a street from the side of the road;a view of an empty street and a tree;a view of a street from the sidewalk;a view of a street from the side of a tree
2017_rqVa8IKXu2bfGYzwZ8-5Nw,0.62772346,0.0565013,0.11822274,0.037056893,0.01915291,0.01937297,0.14909151,0.027632743,0.04217705,0.028392106,101,2017_rqVa8IKXu2bfGYzwZ8-5Nw_0.jpg,48.847597,2.296086,a car driving down a city street;a car driving down a street past tall buildings;a car driving down a street next to tall buildings;a white car driving down a street next to tall buildings;a white car driving down a street past tall buildings
2017_1tUOmayjhBL0ndH9OrLMEg,0.5755852,0.026765287,0.016345412,0.09106034,0.008290499,0.018370807,0.144052,0.009019613,0.05640033,0.023128241,101,2017_1tUOmayjhBL0ndH9OrLMEg_0.jpg,48.807597,2.466086,a house with a few trees and a fence;a yard with a fence and a house;a house with a few trees in the yard;a house with a few trees and a fence in it;a house with a few trees and a fence around it
2017_LM1JfD30bv21_2E6AytXxQ,0.3879191,0.028256953,0.017807454,0.21373585,0.013886184,0.025291532,0.13809457,0.009105504,0.13884735,0.040721953,301,2017_LM1JfD30bv21_2E6AytXxQ_0.jpg,48.807597,2.246086,an empty street with a fence next to it;a long empty road next to a park;an empty street with a street light next to it;an empty street with a street light and a street light;an empty street with a street light and a parking lot
2017_Q07R6mAKljBmHvT48NT-3g,0.4953616,0.023716211,0.016128927,0.14972079,0.00981766,0.01908207,0.1338481,0.007497937,0.08870399,0.028349757,101,2017_Q07R6mAKljBmHvT48NT-3g_0.jpg,48.797597,2.346086,a wooden bridge with a house in the background;a wooden deck in a residential area on a cloudy day;a wooden deck in a residential area of a town;a wooden deck in a residential area of a neighborhood;a wooden deck in a residential area of a residential home
2017_IK9PzXZXaVMn-5Ejn6Fqsw,0.5036484,0.026650876,0.015758187,0.13581297,0.009785324,0.020231992,0.141736,0.008011103,0.08283135,0.027289718,101,2017_IK9PzXZXaVMn-5Ejn6Fqsw_0.jpg,48.797597,2.376086,a white building sitting on the side of a road;a white building sitting on the side of a street;a white building on the side of a street;a white building on the side of a road;a white building sitting on the corner of a street
2017_wqOrMcjX1G_kd3bDm5OL1Q,0.43831694,0.04551536,0.02320221,0.20643297,0.023007363,0.042227894,0.105190426,0.014663637,0.18107828,0.044779122,301,2017_wqOrMcjX1G_kd3bDm5OL1Q_0.jpg,48.797597,2.296086,a small airplane is parked in a parking lot;a small airplane parked in a parking lot;a small airplane sitting on top of a tarmac;a small airplane parked next to a parking lot;a small airplane parked in a parking lot with cars
2017_yDgWLmBgd9jHrvx6KKSKoQ,0.6805996,0.04870197,0.044371754,0.0520283,0.012277335,0.019771278,0.07981923,0.014818668,0.046485484,0.01669085,101,2017_yDgWLmBgd9jHrvx6KKSKoQ_0.jpg,48.807597,2.236086,a street with cars parked on the side of the road;a street with cars parked on the side;a street with cars parked on the side of it;an empty street in the middle of a city street;an empty street in the middle of the day
2017_ftOTdUaryYtQ24pq7qKHAQ,0.61174124,0.042503,0.032206863,0.07593259,0.012256593,0.020063221,0.082357585,0.011359692,0.06794652,0.021737963,101,2017_ftOTdUaryYtQ24pq7qKHAQ_0.jpg,48.777597,2.256086,the inside of a building with a large mirror;a view of the inside of a train;a view of the inside of a building;a view of the inside of a train through a tunnel;a view of the inside of a train through a window
2017_jwdqAMGjaO-eDZpXVCyhfg,0.3845769,0.055108935,0.027480245,0.2412053,0.027270466,0.049852908,0.109234035,0.01770544,0.22431982,0.05650255,301,2017_jwdqAMGjaO-eDZpXVCyhfg_0.jpg,48.787597,2.416086,a view of a city street from the side of the road;a view of a city street from the side;a view of an empty parking lot with a sky background;a view of an empty parking lot with a blue sky;a view of an empty parking lot and a building
2017_hgbgj-2PuYt_HfXuRyTt7g,0.64845955,0.040299654,0.036389887,0.06275576,0.010894895,0.018434495,0.07773709,0.011242569,0.054675817,0.01759997,101,2017_hgbgj-2PuYt_HfXuRyTt7g_0.jpg,48.847597,2.346086,a long row of buildings on a city street;a long line of buildings on a city street;a long row of buildings lined with windows;a long row of buildings on a narrow street;a long line of buildings with a train on them
2017_rfMG7FA1JKsibRLm_aUjsw,0.544498,0.049623698,0.026310474,0.13461703,0.020913094,0.036162317,0.09103286,0.015677989,0.13393366,0.035017073,101,2017_rfMG7FA1JKsibRLm_aUjsw_0.jpg,48.777597,2.236086,a blue and white truck driving down a street;a blue and white car driving down a street;a blue and white truck driving down a road;a blue and white truck driving down a street next to houses;a blue and white truck driving down a street next to buildings
2017_2XeVpn5MitYp-XeMeURDcw,0.53468734,0.06562182,0.035081655,0.13717306,0.027208656,0.044957638,0.09161213,0.019909859,0.17148861,0.041129977,101,2017_2XeVpn5MitYp-XeMeURDcw_0.jpg,48.857597,2.486086,a couple of cars driving down a city street;a couple of cars are driving down a street;a couple of cars are driving down the street;a couple of cars driving down a street next to buildings;a couple of cars driving down a road next to buildings
2017_3lTtWFnwwsn-vdh10JTNeQ,0.51807755,0.033405542,0.01804474,0.1367073,0.013038337,0.025498033,0.10471779,0.009475201,0.11084497,0.03030625,101,2017_3lTtWFnwwsn-vdh10JTNeQ_0.jpg,48.797597,2.306086,a view of a residential area from the street;a view of a street with a few trees;a view of a street with a building and a tree;a view of a street with a few trees in front of it;a view of a street with a few trees in the background
2017_vL-7TJcX0Md6MjpTOIIlkQ,0.64573693,0.050692916,0.03730464,0.0772005,0.015706986,0.024932861,0.07301083,0.014838159,0.06910962,0.021592319,101,2017_vL-7TJcX0Md6MjpTOIIlkQ_0.jpg,48.787597,2.446086,a group of cars parked on the side of a road;a group of cars parked on the side of the road;a group of cars parked on a city street;a group of cars driving down a street;a group of cars parked on the side of a street
2017_wliDx6AuuJM-RPSUUtpVhA,0.6568419,0.05005458,0.06470856,0.048757464,0.012979806,0.018227458,0.08653021,0.016067743,0.046571404,0.018017977,101,2017_wliDx6AuuJM-RPSUUtpVhA_0.jpg,48.857597,2.306086,a city street filled with lots of tall buildings;a city street filled with lots of different buildings;a city street filled with lots of traffic and tall buildings;a view of a city street with buildings and cars;a city street lined with tall buildings and a red bench
2017_i6mAV97hN0KYfxXaoqtf6w,0.32215962,0.032485187,0.029324114,0.23994184,0.015173346,0.031737506,0.27473944,0.013910234,0.07523188,0.06460115,301,2017_i6mAV97hN0KYfxXaoqtf6w_0.jpg,48.837597,2.456086,a river running through a lush green forest;a river running through a forest filled with trees;a river running through a forest on a sunny day;a river running through a wooded area with lush green trees;a river running through a wooded area with lush vegetation
2017_pw3raGpQ1DzSLAoAHywQGQ,0.6380025,0.05160159,0.08709428,0.040773273,0.015157074,0.017645031,0.12422821,0.020640522,0.04055935,0.02164787,101,2017_pw3raGpQ1DzSLAoAHywQGQ_0.jpg,48.847597,2.396086,a group of people walking down a street;a group of people crossing the street at an intersection;a group of people crossing the street at a cross walk;a group of people crossing a street at a traffic light;a group of people standing on the side of the road
2017_JwtiOuu3M96aa5s5_Dlndg,0.4856602,0.047869593,0.023647577,0.17477179,0.021012396,0.03959632,0.10351965,0.01435864,0.1600275,0.03984952,101,2017_JwtiOuu3M96aa5s5_Dlndg_0.jpg,48.817597,2.296086,a highway with a few cars driving down it;a highway with several cars driving down the road;a highway with several cars driving down it;two cars driving down a road next to houses;two cars driving down a road next to a building
2017_Ci9FpwEU44hMiZoq-o7e7Q,0.62928146,0.04107693,0.03795579,0.07561427,0.012324303,0.01976788,0.07868245,0.011520773,0.06513187,0.020305037,101,2017_Ci9FpwEU44hMiZoq-o7e7Q_0.jpg,48.827597,2.316086,a long narrow alley way between some buildings;a long narrow alley way between two buildings;a long narrow alley way between buildings;a long narrow alley way between buildings and a tree;a long narrow alley way between some buildings and the street
2017_i4tizJoB2a9JkQHZ12JwMg,0.32746935,0.030615538,0.019066721,0.2583822,0.014513761,0.029599935,0.18643302,0.010264844,0.11358881,0.049585104,301,2017_i4tizJoB2a9JkQHZ12JwMg_0.jpg,48.787597,2.246086,a empty road with a few trees on each side;a empty road with a few trees on it;a view of an empty street from the ground;a empty road with a few trees on the side;a view of an empty street and a tree
2017_W6ngSqjlNWpefEjLieVBMQ,0.6823983,0.04233986,0.035832733,0.051216125,0.010378659,0.017925352,0.08213425,0.012950391,0.045573026,0.01644668,101,2017_W6ngSqjlNWpefEjLieVBMQ_0.jpg,48.777597,2.276086,a view of a street from a car window;a view of the street from a car window;a view of a street from the window;a view of a city street from a window;a view of a street from the window of a car
2017_Z8CITBO7iWV6c2nTkePcSw,0.6798107,0.04474753,0.03674373,0.05262783,0.011287093,0.01912859,0.081261516,0.013927966,0.045883298,0.016504467,101,2017_Z8CITBO7iWV6c2nTkePcSw_0.jpg,48.797597,2.326086,a couple of cars parked next to each other;a couple of cars parked in front of a house;a couple of cars parked in front of a building;a car parked in front of a house;a red car parked in front of a white building
2017_hya3Zt4JXofo8EJ-SEhoPA,0.38074148,0.056029588,0.02755016,0.24800569,0.030336827,0.051698208,0.105397075,0.018910736,0.22386119,0.05869183,301,2017_hya3Zt4JXofo8EJ-SEhoPA_0.jpg,48.817597,2.416086,a view of a street from the side of a road;a view of a street from a car window;a view of an empty parking lot and a tree;a view of an empty parking lot from a window;a view of a street from the side of the road
2017_4GDdWQRcvPginsO3iNrJ8Q,0.68265516,0.039246738,0.039330304,0.041648746,0.009115011,0.01538372,0.10060239,0.013751954,0.03799668,0.016232103,101,2017_4GDdWQRcvPginsO3iNrJ8Q_0.jpg,48.787597,2.426086,a car parked on the side of the road;a car parked on the side of a street;a car parked on the side of the street;a car parked on the side of a road;a road with cars parked on the side of the road
2017_ecqQNUCgPaMPUCsrKwThMg,0.5464151,0.056084186,0.029782414,0.133616,0.023667634,0.03981054,0.0868631,0.017214954,0.1475687,0.037251472,101,2017_ecqQNUCgPaMPUCsrKwThMg_0.jpg,48.817597,2.316086,a large long bus on a city street;a bus parked on the side of the road;a bus parked on the side of the street;a bus parked on the side of a street;a bus parked on the side of a road
2017_TH5tkxKVM8QLiqdYr_uCgg,0.53533995,0.036812097,0.019338757,0.1412566,0.014979959,0.02772379,0.09757319,0.011215538,0.10913032,0.0313029,101,2017_TH5tkxKVM8QLiqdYr_uCgg_0.jpg,48.777597,2.226086,a parking lot with a fence around it;a parking lot with a fence and a tree;a parking lot with a fence and trees in the background;a parking lot with a fence and trees;a cement wall with a fence and a tree
2017_LFQPYmwFwespMAnxa0B48w,0.57535344,0.028191537,0.015731186,0.10170534,0.009764493,0.020182192,0.1110245,0.008867025,0.07137567,0.023884088,101,2017_LFQPYmwFwespMAnxa0B48w_0.jpg,48.807597,2.356086,cars are parked on the side of the street;cars are parked on the side of the road;a road with cars parked on the side of the road;a street with cars parked on the side of it;a road with cars parked on the side of it
2017_xy2P3Dku_e_LuHeSO4uG_w,0.6558281,0.047937244,0.04737082,0.058386415,0.013004899,0.02055505,0.0721018,0.014476806,0.053722292,0.018511146,101,2017_xy2P3Dku_e_LuHeSO4uG_w_0.jpg,48.847597,2.286086,a white truck driving down a street next to tall buildings;a red truck parked on the side of the road;a group of cars parked on the side of the road;a group of cars parked on the side of the street;a group of cars parked on the side of a street
2017_IW9Rydx51n5yPdF9LtoJrQ,0.68979025,0.04235083,0.04330659,0.041832,0.010161489,0.016260952,0.0946421,0.015221328,0.03877777,0.016937077,101,2017_IW9Rydx51n5yPdF9LtoJrQ_0.jpg,48.857597,2.336086,a person riding a bike down a street;a person is riding a bike down the street;a person on a bike on a city street;a person riding a bike down a city street;a person is riding a bike down a street
2017_tcyx9flG5tTeXkQdMGmGYw,0.49117815,0.048959702,0.024137855,0.16756397,0.021063626,0.040261805,0.10525167,0.01464808,0.15571392,0.040102303,101,2017_tcyx9flG5tTeXkQdMGmGYw_0.jpg,48.847597,2.446086,a view of a street from a distance;a view of a city street from the street;a view of a city street from the side;a view of a street from the side of a road;a view of a city street from the side of the street
2017_3lAVP-fXokDQKvJqt3OCew,0.66243106,0.037663817,0.02916354,0.06536725,0.01072067,0.01914981,0.07884395,0.011422664,0.05170554,0.017317414,101,2017_3lAVP-fXokDQKvJqt3OCew_0.jpg,48.787597,2.336086,a narrow street with houses on both sides;a street with cars parked on the side of it;a street with cars parked on the side of the road;a street with cars parked along the side of the road;a street with cars parked on the side of the street
2017_UEqVcrGusEqvZ6jh0h3jVA,0.6729649,0.052447617,0.052545995,0.0522013,0.013595939,0.020709544,0.076173335,0.01584801,0.04993573,0.017601311,101,2017_UEqVcrGusEqvZ6jh0h3jVA_0.jpg,48.857597,2.446086,a city street with parked cars and buildings;a city street with parked cars and a building;a view of a street from the back of buildings;a view of a street from the back of a building;a view of a street from the back of a truck
2017_dMckPmzT-XDJbcNWilazog,0.65430474,0.03467524,0.026417583,0.059325606,0.008738756,0.016724527,0.08961928,0.009892017,0.05000764,0.017273366,101,2017_dMckPmzT-XDJbcNWilazog_0.jpg,48.807597,2.286086,a car driving down a street next to a tall building;a car driving down a street next to buildings;a car driving down a street next to a building;a white car driving down a street next to tall buildings;a white car driving down a street next to a tall building
2017_AHL5Gmuxg-trkoAzI0ruhQ,0.36438647,0.027167886,0.017961085,0.23275933,0.012707531,0.0247415,0.16765767,0.00878638,0.118359,0.040471554,301,2017_AHL5Gmuxg-trkoAzI0ruhQ_0.jpg,48.777597,2.456086,a white building with a flag on the side of it;a white building with a large white building;a large building with a flag on the side of it;a white building with a flag on the front of it;a white building with a flag on the front
2017_nTfCuJRGL207u0HGVLuRDA,0.5699673,0.051438868,0.026616007,0.12071508,0.020590752,0.034027904,0.09118146,0.016260147,0.11868703,0.03242895,101,2017_nTfCuJRGL207u0HGVLuRDA_0.jpg,48.787597,2.256086,cars are parked on the side of the road;a group of cars parked on the side of the road;a group of cars parked on the side of a road;cars are parked on the side of the street;a group of cars driving down a street
2017_noFE6tFXsRK-eJfWGySXYQ,0.5042439,0.06929007,0.0371176,0.14873847,0.029849231,0.04863414,0.09452888,0.021762311,0.18612462,0.04562825,101,2017_noFE6tFXsRK-eJfWGySXYQ_0.jpg,48.777597,2.346086,a person riding a motorcycle down a street;a person riding a motorcycle on a highway;a person riding a motorcycle down a city street;a group of people riding motorcycles down a street;a person on a motor bike on a road
2017_psdtyoO9qeBWTBnvW0AFiQ,0.6236421,0.0417915,0.028782696,0.08379111,0.012944847,0.022134334,0.08087626,0.011628091,0.072745055,0.021301001,101,2017_psdtyoO9qeBWTBnvW0AFiQ_0.jpg,48.797597,2.366086,a car driving down a street next to houses;a car driving down a street past houses;there is a car driving down the street;there is a car driving down the road;a car driving down a road next to houses
2017_ZExoeFMWSSJsM0_8i7XS_A,0.44345987,0.07488254,0.04321751,0.18318817,0.032163143,0.05538678,0.097234875,0.024408102,0.21645057,0.053171724,504,2017_ZExoeFMWSSJsM0_8i7XS_A_0.jpg,48.827597,2.396086,a highway filled with lots of cars under a cloudy sky;a group of cars parked on the side of a highway;a highway filled with lots of traffic next to a highway;a group of cars parked on the side of the road;a group of cars parked on the side of a road
2017_i5JhASxv4DmKytBiJWtIUw,0.287525,0.041374654,0.02556017,0.29498583,0.023053557,0.044204354,0.16215438,0.014529765,0.1761345,0.06473586,301,2017_i5JhASxv4DmKytBiJWtIUw_0.jpg,48.827597,2.386086,a car driving down a road next to a bridge;a car driving down a road near a bridge;a car driving down the road near a bridge;a car driving down a road next to a fence;a car driving down a long road next to a bridge
2017_zs0PzrX9DhASMFXukD0t_Q,0.52584827,0.036623865,0.017962337,0.14225799,0.01431191,0.028243273,0.10622761,0.01018694,0.11444244,0.03136936,101,2017_zs0PzrX9DhASMFXukD0t_Q_0.jpg,48.787597,2.346086,a car driving down a road next to a building;a view of the road from a vehicle;a car driving down a road with a building in the background;a view of the road from a car window;a car driving down a road next to a tall building
2017_L-L-8Bgu2HJaH2lh1P8Pzw,0.40686345,0.04042864,0.020776212,0.22341695,0.020960748,0.03807804,0.114197195,0.012870133,0.17443463,0.04599315,301,2017_L-L-8Bgu2HJaH2lh1P8Pzw_0.jpg,48.817597,2.446086,a soccer ball is in the middle of the park;a soccer ball is in the middle of a park;a soccer ball sitting on the ground in front of a fence;a soccer ball sitting on the ground in front of a cement wall;a soccer ball sitting on the ground in front of a wall
2017_lo6WdyCHI_BlM1FBey8Hxw,0.45630664,0.052976727,0.024503618,0.19287965,0.023673832,0.04504454,0.10620877,0.015422344,0.18474036,0.045334905,101,2017_lo6WdyCHI_BlM1FBey8Hxw_0.jpg,48.777597,2.416086,a view of a street from a car window;a long road with a long line of trees on it;a view of a street from the side of a road;a long road with a long line of trees on each side;a long road with a long line of trees on the side
2017_XBUxPcBmOST1SAGF_YAD8Q,0.66962826,0.035488933,0.029361308,0.05828783,0.009152383,0.016865104,0.08554888,0.010764658,0.046898544,0.017133862,101,2017_XBUxPcBmOST1SAGF_YAD8Q_0.jpg,48.797597,2.426086,a car is driving down a narrow street;a car driving down a street next to tall buildings;a car is parked on the side of the street;a car is parked on the side of the road;a car driving down a street next to a building
2017_N9NohSrc4GQX2e8RvhBPhg,0.6501372,0.0499312,0.051150322,0.06545046,0.014343649,0.020983696,0.07300475,0.014912576,0.056785762,0.02035436,101,2017_N9NohSrc4GQX2e8RvhBPhg_0.jpg,48.857597,2.316086,a long line of buildings on a city street;a white building sitting on the side of a street;a white building sitting on the corner of a sidewalk;a white building sitting on the corner of a street;a white building sitting on the side of a road
2017_8aOQcb6qjR7nPyN8Vk6kew,0.4821769,0.034492195,0.018660933,0.17106682,0.015105814,0.029003292,0.10455534,0.010730386,0.1263591,0.0346556,101,2017_8aOQcb6qjR7nPyN8Vk6kew_0.jpg,48.827597,2.406086,a road with several cars driving down it;a road with several cars on it and some trees;a road with several cars on it and trees on each side;a road with several cars on it and trees on the side;a road with several cars on it and trees in the background
2017_MyK63Bgnw0PWFzTwFcmVBQ,0.6695156,0.05002284,0.045024604,0.05486253,0.012885153,0.020884097,0.077754974,0.015060812,0.04938692,0.017386883,101,2017_MyK63Bgnw0PWFzTwFcmVBQ_0.jpg,48.837597,2.246086,a long line of cars parked on the side of a street;a long line of cars parked on the side of the road;a long line of cars parked along a street;a long line of cars parked on the side of a road;a long line of cars parked on the side of the street
2017_zH-0pcySej0yDamME-HY_w,0.4239397,0.07576972,0.03652057,0.22331211,0.036017537,0.06454161,0.10164803,0.02533114,0.2476368,0.06096983,301,2017_zH-0pcySej0yDamME-HY_w_0.jpg,48.787597,2.406086,a long road with a few cars driving down it;a long road with cars driving down it;a highway with cars parked on both sides of it;a highway with cars parked on the side of the road;a highway with cars parked on both sides of the street
2017_8KkByMgBk5v1szLmDdmGYw,0.6591161,0.03419447,0.029638559,0.054612696,0.00858435,0.0153988,0.089661956,0.01036936,0.045924693,0.01698947,101,2017_8KkByMgBk5v1szLmDdmGYw_0.jpg,48.857597,2.406086,a concrete skate park in a city setting;a concrete skate park with a concrete skate park;a cement skate park with a skate park;a cement skate park with a skate park in the background;a concrete skate park with a concrete skate park in the background
2017_SaO3Q29FYFEDXPQwWFuP7Q,0.6822168,0.039139748,0.034710377,0.048860073,0.009517074,0.016879588,0.08676398,0.012937725,0.042783022,0.016768634,101,2017_SaO3Q29FYFEDXPQwWFuP7Q_0.jpg,48.807597,2.336086,a silver car parked on the side of a road;a car parked on the side of the road;a silver car parked on the side of the road;a silver car parked on the side of a street;a silver car parked on the side of a road near a building
2017_fHNiEFXN3hJO9gz9pn91OQ,0.33906734,0.026493937,0.028646976,0.19682178,0.012655318,0.02290672,0.27539143,0.011283934,0.06894007,0.05203116,502,2017_fHNiEFXN3hJO9gz9pn91OQ_0.jpg,48.847597,2.336086,a group of benches that are in the water;a group of benches sitting next to a river;a group of benches sitting along a river;a group of benches that are next to water;a group of benches that are next to a river
2017_hhPhKkUA92wpFTUv3sOrcg,0.42622113,0.051553994,0.026008487,0.2200703,0.026241899,0.048599243,0.10877627,0.017112345,0.19381595,0.04956895,301,2017_hhPhKkUA92wpFTUv3sOrcg_0.jpg,48.787597,2.476086,a long line of cars driving down a road;a group of cars driving down a road;a highway filled with lots of traffic next to trees;a group of cars driving down a street next to trees;a group of cars driving down a road next to trees
2017_Djo_Nv_N-8Dw0CBHJRRFUA,0.36523694,0.025777698,0.020204276,0.20989531,0.012318969,0.022481978,0.19740468,0.009169787,0.09178534,0.0410811,301,2017_Djo_Nv_N-8Dw0CBHJRRFUA_0.jpg,48.857597,2.226086,a wooden dock on a body of water;a wooden dock on the water of a lake;a wooden dock on a lake surrounded by water;a wooden dock on a lake with a boat on it;a wooden dock on a lake with a boat floating on it
2017_Ob8Kr1tFeoL37M79Jxwt7w,0.44764996,0.037543,0.019406825,0.20014298,0.018340439,0.030851513,0.104362786,0.012296438,0.14639747,0.040734977,301,2017_Ob8Kr1tFeoL37M79Jxwt7w_0.jpg,48.827597,2.476086,a semi truck parked in a parking lot;a semi truck parked on the side of the road;a semi truck is parked in a parking lot;a semi truck parked on the side of a road;a semi truck is parked on the side of the road
2017_zkB6ZPReb8IxgqdNBnT-UA,0.65107274,0.052998394,0.04850653,0.06912607,0.015759915,0.02291286,0.07273814,0.0156385,0.067013144,0.021395802,101,2017_zkB6ZPReb8IxgqdNBnT-UA_0.jpg,48.837597,2.336086,a long row of buildings next to a street;a long row of buildings on a city street;a long row of buildings on a street;a long row of buildings with a bike parked in front of it;a long row of buildings with a bike parked in front of them
2017_UrdYSGXGeZCCIuV1tJfmog,0.50067705,0.022391051,0.014875114,0.12262985,0.008278102,0.01629901,0.13536537,0.006830275,0.082488626,0.026187211,101,2017_UrdYSGXGeZCCIuV1tJfmog_0.jpg,48.867597,2.216086,a empty street with a building in the background;a empty street with a building and a cloudy sky;a view of an empty street from the side;a view of an empty street with a building in the background;a view of an empty street with a building in the back ground
2017_ztujk3DZUN8Xh6SdZPbihA,0.6550788,0.040915042,0.033604383,0.059620082,0.0106498,0.018949926,0.07594794,0.01153937,0.051496595,0.017265826,101,2017_ztujk3DZUN8Xh6SdZPbihA_0.jpg,48.847597,2.466086,a bus driving down a street next to tall buildings;a bus parked on the side of a street;a truck driving down a street next to a white building;a bus parked on the side of a street next to a building;a bus parked on the side of a road next to a building
2017_IK2QdFn6_q4OAArtQLqotw,0.60961705,0.03243029,0.019610435,0.0865626,0.010088056,0.019989997,0.09142947,0.008998185,0.07047972,0.02159518,101,2017_IK2QdFn6_q4OAArtQLqotw_0.jpg,48.827597,2.336086,a large building on the side of a street;a large building on the side of the street;a large building on the side of the road;a large building on the side of a city street;a large building on a city street near a tree
2017_v2sUlRhtRNMf6dtM8ctd0A,0.67940015,0.038056225,0.031567514,0.05259356,0.009263605,0.016991735,0.089231074,0.011862636,0.043322116,0.016350418,101,2017_v2sUlRhtRNMf6dtM8ctd0A_0.jpg,48.787597,2.316086,a red car parked on the side of a road;a red car parked on the side of a street;a street with a red car parked on the side;a red car parked on the side of the road;a red car driving down a street next to a house
2017_eCfsjeN9xW1sogRBFnT_Dg,0.5678217,0.039548814,0.02564302,0.11813137,0.015379787,0.024722397,0.08645293,0.012316465,0.106060594,0.029275835,101,2017_eCfsjeN9xW1sogRBFnT_Dg_0.jpg,48.787597,2.366086,an image of a street scene with buildings;an image of the inside of a UNK;an image of a street scene with no cars;a street scene with focus on the street and buildings;an image of a street scene with no cars on the street
2017_wf0uWEyo69SIcSNqiYIRog,0.6831552,0.04772219,0.049450547,0.046904743,0.011694819,0.017771125,0.0799042,0.015259653,0.04412034,0.017035455,101,2017_wf0uWEyo69SIcSNqiYIRog_0.jpg,48.797597,2.486086,a car driving down a street next to tall buildings;a car driving down a street next to buildings;a car parked on the side of a street;a car parked on the side of the road;a city street with a car parked on the side
2017_cyheinpyssU2tHM-KfJRJw,0.65316665,0.05318418,0.054164797,0.06422171,0.015358418,0.021214962,0.07183394,0.01636827,0.060319513,0.021038622,101,2017_cyheinpyssU2tHM-KfJRJw_0.jpg,48.817597,2.256086,a car driving down a street next to buildings;a car driving down a street next to houses;a car driving down a road next to houses;a car driving down a street next to a building;a car driving down a street next to a street
2017_fCMebncupcBexkWbV2nUkA,0.32747188,0.027650148,0.021332622,0.24897051,0.013043106,0.02477175,0.19875279,0.009743959,0.10626057,0.04785323,301,2017_fCMebncupcBexkWbV2nUkA_0.jpg,48.807597,2.346086,a view of an empty street from a tree;a view of a street with a reflection of a building;a view of a street with a reflection in a window;a view of a street with a reflection of a building in it;a view of a street with a reflection of a building through it
2017_7V73PUhZETWXpcNjNGwr2g,0.6707707,0.051160127,0.05383131,0.050336033,0.01317659,0.019682497,0.07653254,0.015723377,0.049514383,0.017464519,101,2017_7V73PUhZETWXpcNjNGwr2g_0.jpg,48.837597,2.306086,a view of a street from the side of the road;a long street with a long line of buildings;a view of a street from the side of a road;a view of a city street from the side of the street;a view of a city street from the side of a road
2017_y0uthRSHi3mxADsPtFncFQ,0.6380869,0.03987184,0.033890724,0.05820471,0.010988593,0.018982619,0.08546239,0.012153149,0.04757902,0.017847896,101,2017_y0uthRSHi3mxADsPtFncFQ_0.jpg,48.797597,2.446086,a street with cars parked on the side of the road;a street with cars parked on the side;a street with cars parked on the side of it;a street with cars parked on the side of the street;a view of a city street from the side of a street
2017_i7ZkWNwrth1ZMYszBWL4yA,0.6688768,0.05515027,0.08290249,0.04213339,0.0145908,0.01860255,0.09887022,0.020120531,0.04347217,0.019889534,101,2017_i7ZkWNwrth1ZMYszBWL4yA_0.jpg,48.847597,2.436086,a street sign on the corner of a street;a street sign on the side of a building;a street sign on the side of the road;a street sign on the side of the street;a street sign on the side of a building on a street
2017_c84NMv9VuJHbalnDps5qOw,0.63660204,0.03698656,0.029255241,0.067757964,0.010675967,0.019036949,0.08376673,0.011493027,0.05145067,0.018637002,101,2017_c84NMv9VuJHbalnDps5qOw_0.jpg,48.857597,2.346086,a truck parked in front of a tall building;a truck parked on the side of a street;a truck parked on the side of the road;a white truck parked in front of a tall building;a truck parked on the side of a road
2017_mF8IWLX602jHRutBeckygQ,0.5792446,0.044270903,0.024609327,0.113675535,0.017405897,0.029656231,0.08708021,0.014127344,0.10377473,0.02927357,101,2017_mF8IWLX602jHRutBeckygQ_0.jpg,48.817597,2.266086,cars parked on the side of the road;a street with cars parked on the side of the road;cars parked on the side of the street;a street with cars parked on the side of it;a street with cars parked on the side of the street
2017_kFzKnlZWu2RKT5VRRcpIgw,0.6636551,0.049364805,0.03994167,0.06687158,0.014544904,0.023163259,0.074410796,0.015026748,0.057287663,0.01921922,101,2017_kFzKnlZWu2RKT5VRRcpIgw_0.jpg,48.807597,2.326086,a street with cars parked on the side of it;a street with cars parked on the side;a street with cars parked on the side of the road;a street with cars parked on the side and people walking on the sidewalk;a street with cars parked on the side and people walking down it
2017_B_7EUmBoI1eXTZI6XViBBw,0.6871721,0.04803893,0.04575041,0.045188308,0.011707485,0.018158138,0.084644645,0.01609525,0.042845428,0.016820341,101,2017_B_7EUmBoI1eXTZI6XViBBw_0.jpg,48.817597,2.306086,a group of cars parked in front of a tall building;a group of cars parked in front of a building;a bunch of cars parked in front of a building;a group of cars parked outside of a building;a group of cars parked in front of a tall white building
2017_TuQGZ_xRME5BCB1yObgPGw,0.29202598,0.030906767,0.02343294,0.29820496,0.014678061,0.030091435,0.20416787,0.011962354,0.10782656,0.061611444,301,2017_TuQGZ_xRME5BCB1yObgPGw_0.jpg,48.837597,2.446086,a narrow country road surrounded by green grass;a narrow country road with green grass on the side;a narrow country road with green grass on each side;a narrow country road surrounded by grass and trees;a narrow country road with green grass and a white fence
2017_QSy8yK_WgO4P18KXAsSNkA,0.46796355,0.058779478,0.032200515,0.17746499,0.026022851,0.04476455,0.09853083,0.018086374,0.19942364,0.046780556,101,2017_QSy8yK_WgO4P18KXAsSNkA_0.jpg,48.787597,2.306086,an empty parking lot with a building in the background;a view of a city street with buildings in the background;an empty parking lot with a building in the back;an empty parking lot with a building in the back ground;a view of a city street with a large building in the background
2017_X81Ck73YzX03_1FG4NxFvA,0.66793984,0.04184425,0.03517613,0.05697012,0.010786176,0.019283772,0.08301002,0.012686908,0.04831803,0.017146379,101,2017_X81Ck73YzX03_1FG4NxFvA_0.jpg,48.847597,2.316086,a street with cars driving down the road;a street with cars driving down a street;a road that has a few cars driving down it;a street with cars driving down a street next to tall buildings;a street with cars driving down a street next to buildings
2017_uVob9RF0rczd-3h2DCf5Og,0.4958462,0.032365292,0.021019757,0.13141742,0.011481106,0.023273408,0.14485464,0.009507716,0.07858959,0.031531006,101,2017_uVob9RF0rczd-3h2DCf5Og_0.jpg,48.847597,2.276086,a boat that is sitting in the water;a boat that is sitting on a pier;a boat that is sitting on a wooden dock;a boat on the water near a pier;a boat that is sitting on a dock
2017_OEOyciIXVHyh9HXL0Iaa-w,0.64197266,0.046915174,0.043341547,0.06682092,0.013120353,0.020044714,0.074830085,0.013603777,0.059720784,0.0195795,101,2017_OEOyciIXVHyh9HXL0Iaa-w_0.jpg,48.837597,2.286086,a large white building next to a street;a large white building next to a parking lot;a large white building next to a street with a large window;a large white building next to a street with a blue sky;a large white building next to a street with a long fire hydrant
2017_C96K8vBPe8aPmLOezvZ4aw,0.42582816,0.05644557,0.029799968,0.22055113,0.027579993,0.05176291,0.10766265,0.018557847,0.21353996,0.052847803,301,2017_C96K8vBPe8aPmLOezvZ4aw_0.jpg,48.797597,2.396086,a long street with a long line of houses;a long road with houses on both sides of it;a long road with houses on both sides of the street;a long street with a long line of buildings on each side;a long road with houses on both sides and a street
2017_sZJYbw_H0vyzFOyFFN47DA,0.67843175,0.047231644,0.043884695,0.051466495,0.011974961,0.019528955,0.07983756,0.014259666,0.047834575,0.016468763,101,2017_sZJYbw_H0vyzFOyFFN47DA_0.jpg,48.857597,2.426086,a view of a house from the street;a view of a residential area from the street;a view of a house from the side of the street;a view of a house from the side of a street;a view of a residential area with a brick sidewalk
2017_HovOy3_bC0joIfnj2uWo9w,0.49615556,0.022899806,0.017040223,0.13157353,0.008035392,0.01602596,0.1501424,0.007107973,0.075163364,0.02559641,101,2017_HovOy3_bC0joIfnj2uWo9w_0.jpg,48.777597,2.326086,an empty street with houses in the background;a narrow street with houses on each side;an empty street with houses on both sides;a narrow street with houses on both sides;a narrow street with houses on both sides and houses on each side
2017_6kekVwnWIjnSB-WaC2zV2A,0.6565005,0.056874216,0.08063316,0.049910665,0.015464723,0.020520985,0.08406028,0.018965095,0.049697816,0.02013737,101,2017_6kekVwnWIjnSB-WaC2zV2A_0.jpg,48.787597,2.226086,a view of a city street from the sidewalk;a city street with many cars parked on the street;a view of a city street from a building;a city street with many cars parked in front of a brick building;a city street with many cars parked on the side
2017_DoDVjFETZxdj4egKMyhT-Q,0.6307682,0.040185273,0.030803114,0.07075232,0.011267513,0.019389868,0.07839444,0.01119408,0.059212983,0.018819004,101,2017_DoDVjFETZxdj4egKMyhT-Q_0.jpg,48.817597,2.246086,a street with houses and buildings in the background;a street with buildings in the background;a street with houses and buildings on each side;a street with buildings in the background and a street light;an empty street with a long line of buildings
2017_F3IZ3ojiXUbCvPeePNZcZA,0.65247583,0.05930236,0.07721692,0.053944677,0.015991777,0.020793796,0.076949924,0.019093484,0.052820235,0.02091074,101,2017_F3IZ3ojiXUbCvPeePNZcZA_0.jpg,48.837597,2.356086,a long line of traffic on a city street;a group of cars driving down a city street;a group of cars driving down a street next to tall buildings;a group of cars are parked on the street;a group of cars driving down a street next to buildings
2017_a4uBWEAhvDTQmgUFGQKV4Q,0.62521046,0.036788404,0.025110245,0.08884099,0.011633337,0.020971924,0.08201453,0.010681003,0.06707281,0.02128613,101,2017_a4uBWEAhvDTQmgUFGQKV4Q_0.jpg,48.787597,2.486086,a row of houses on a city street;a row of houses that are next to a street;an empty street with a row of houses;a row of houses that are next to a road;an empty street with a row of houses on each side
2017_wuXnj5Pg64F4RVOKdjxaBg,0.66429025,0.045419693,0.040432245,0.05553931,0.011880785,0.019981802,0.075071394,0.013474792,0.050911516,0.017539024,101,2017_wuXnj5Pg64F4RVOKdjxaBg_0.jpg,48.817597,2.376086,cars driving on a road between some buildings;a picture of a car driving down a street;a picture of a car driving down the street;a picture of a car driving down the road;cars driving on a road in front of a building
2017_n0iIVKsnToqWcdFQEKOBNg,0.50749505,0.05863282,0.13206032,0.053005695,0.022078395,0.022143573,0.29144782,0.028187811,0.04901126,0.041763783,502,2017_n0iIVKsnToqWcdFQEKOBNg_0.jpg,48.857597,2.356086,a group of people walking down a sidewalk;a group of people walking down a narrow street;a group of people walking down a street;a group of people walking down a street next to tall buildings;a group of people walking down a sidewalk near buildings
2017_6_lyafnsgniOndzwN8aPVQ,0.41780335,0.056645542,0.028813154,0.21991494,0.027508467,0.051704317,0.11083123,0.018358588,0.21471313,0.053195328,301,2017_6_lyafnsgniOndzwN8aPVQ_0.jpg,48.777597,2.426086,a photo taken from a car looking down a street;a photo taken from a car looking down the road;a photo taken from a car looking down the street;a photo taken from a car looking down a road;a photo taken from a car looking down at a street
2017_wVLgfVzguofLE7vJLq_Eug,0.67093515,0.040950477,0.037241608,0.05171144,0.010427922,0.017842948,0.086155504,0.013072968,0.043962598,0.016177803,101,2017_wVLgfVzguofLE7vJLq_Eug_0.jpg,48.857597,2.476086,cars are parked on the side of the road;cars are parked on the side of a road;cars are parked on the side of the street;cars are parked on the side of a street;a view of a street from the top of a car
2017_25VVmegKmMTnkPUMlTDW5A,0.40907237,0.056404173,0.03131637,0.22184333,0.026299685,0.05425012,0.118736595,0.018812269,0.21636829,0.05586019,301,2017_25VVmegKmMTnkPUMlTDW5A_0.jpg,48.807597,2.376086,a view of a building from the street;a view of a building from a sidewalk;a view of a building from a street;a view of a building from the side of a street;a view of a building from the side of a road
2017_ufybPzyNKkS69p6eHQD6VA,0.67177284,0.05494517,0.059512705,0.052152574,0.014338017,0.02113083,0.07712993,0.016731739,0.051101387,0.018255055,101,2017_ufybPzyNKkS69p6eHQD6VA_0.jpg,48.837597,2.486086,a view of a city street with buildings and parked cars;a view of a city street from a distance;a view of a city street with houses in the background;a view of a city street from the side of the street;a view of a city street from the side of the road
2017_DRxSLRA7vt2uBFs_yMxmhg,0.5643381,0.034983963,0.017758667,0.122790724,0.012717128,0.026211828,0.10479367,0.009931564,0.09484625,0.027656764,101,2017_DRxSLRA7vt2uBFs_yMxmhg_0.jpg,48.847597,2.216086,an empty street with a car driving down it;an empty street with a car parked on the side;an empty street with a car driving down the road;an empty street with a car driving down the street;an empty street with a car parked on the side of it
2017_I9mjrGfKioV3UFf4CMePZw,0.6535107,0.042833775,0.036533922,0.061393052,0.01157245,0.019517452,0.077010036,0.012255371,0.056651592,0.018462032,101,2017_I9mjrGfKioV3UFf4CMePZw_0.jpg,48.867597,2.226086,a car driving down a street past tall buildings;a car driving down a street next to tall buildings;a car driving down a road next to tall buildings;a car driving down a street next to a tall building;a car driving down a road in the middle of a city
2017_e-JxRJuYlrOTWrHR83MpKw,0.6885735,0.04585159,0.04727611,0.04186797,0.011099517,0.017018974,0.08916256,0.016203225,0.041021854,0.017129451,101,2017_e-JxRJuYlrOTWrHR83MpKw_0.jpg,48.857597,2.286086,a car driving down a street next to tall buildings;a red car driving down a street next to tall buildings;a view of a street from a car window;a car driving down a street next to buildings;a red car driving down a street next to a forest
2017_z1g1Ppzbj31xNWOAeu-bQA,0.68334776,0.048105508,0.05005312,0.044358313,0.012126625,0.018323898,0.085978,0.016094029,0.042499214,0.016610563,101,2017_z1g1Ppzbj31xNWOAeu-bQA_0.jpg,48.847597,2.306086,a street with cars parked on the side of the street;a street with cars parked on the side of it;a street with cars driving down the road;a street with cars parked on the side of the road;a street with cars parked on the side
2017_QIP5EawF0x8mFEVTYBBjnA,0.6406473,0.058322757,0.1065304,0.04582292,0.018643945,0.021215618,0.10414618,0.023207545,0.046925485,0.023349583,101,2017_QIP5EawF0x8mFEVTYBBjnA_0.jpg,48.827597,2.246086,a couple of people walking down a street;a couple of cars are parked on the street;a couple of people standing in front of a building;a couple of people standing in front of some buildings;a couple of people standing on the side of the road
2017_ktkgB9syLLg61NmSxJ7NWQ,0.67451566,0.042562693,0.039324135,0.051263213,0.010396719,0.017478436,0.080477774,0.012479425,0.046404243,0.016110897,101,2017_ktkgB9syLLg61NmSxJ7NWQ_0.jpg,48.837597,2.416086,a city street with cars parked on the side of the road;a city street with cars parked on the side;a view of a city street from the side of the road;a view of a city street with cars driving on it;a view of a city street with cars parked on the side
2017_70-dRIV1cHnMVxSQCy5fPw,0.6154936,0.04053399,0.023859799,0.09264529,0.013050884,0.024644703,0.088878006,0.011371851,0.07845816,0.022850543,101,2017_70-dRIV1cHnMVxSQCy5fPw_0.jpg,48.797597,2.386086,a street with a few cars driving down it;a long road with a few cars driving down it;a long road with a few cars parked on it;a car driving down a street next to a house;a long road with a few cars parked on the side of it
2017_wU7WhtcxceGcdV36xPq98Q,0.4151178,0.047144413,0.08317509,0.0914174,0.019973129,0.025378227,0.4170936,0.021783799,0.050326914,0.054108113,502,2017_wU7WhtcxceGcdV36xPq98Q_0.jpg,48.847597,2.376086,two people walking down a sidewalk next to a building;two people walking down a sidewalk near a building;a couple of people walking down a sidewalk;two people walking down a sidewalk in a city;a couple of people walking down a sidewalk next to a building
2017_PSJVS1HAE-r4DrCQ7D9yrw,0.64527166,0.050950825,0.04801604,0.06721017,0.014484465,0.02198416,0.07477373,0.015489459,0.060798705,0.021168351,101,2017_PSJVS1HAE-r4DrCQ7D9yrw_0.jpg,48.847597,2.406086,a city street with buildings and clouds in the sky;a city street with buildings and clouds;a city street with a large building in the background;a city street with buildings and clouds in the background;a view of a city street with buildings in the background
2017_3WKb0Bg7Jt8mR4egOeHORg,0.40131375,0.061590463,0.03146559,0.22794005,0.03165418,0.057768732,0.11479503,0.020834744,0.23197901,0.05996421,301,2017_3WKb0Bg7Jt8mR4egOeHORg_0.jpg,48.777597,2.246086,a view of a city street from a window;a view of a city street from the street;a view of a city street from the ground;a view of a city street from the side of a road;a view of a city street from the side of a street
2017_UyUwxYmrO7m6uNXSnG407Q,0.40320948,0.025053382,0.018079579,0.18464065,0.010409474,0.020904481,0.20502678,0.008606344,0.07216722,0.037846774,502,2017_UyUwxYmrO7m6uNXSnG407Q_0.jpg,48.777597,2.266086,a tree that is next to a road;the shadow of a tree in the park;the shadow of a tree on the side of the road;a tree that is next to some trees;a tree that is next to a street
2017_9hl1stMkTHiXAuD87zGHGQ,0.29651514,0.0327273,0.020811498,0.28170377,0.016122252,0.031654716,0.1961655,0.010979146,0.120737284,0.05262521,301,2017_9hl1stMkTHiXAuD87zGHGQ_0.jpg,48.777597,2.486086,a view of a body of water with trees in the background;a view of a body of water and some trees;a view of a body of water and trees;a view of a body of water with trees on the other side;a view of a body of water with trees on each side
2017_5oKheT-QztZuUq4cztGhLA,0.5898955,0.032408714,0.017467469,0.11003867,0.01122871,0.023078859,0.09833887,0.009416968,0.08124784,0.023867577,101,2017_5oKheT-QztZuUq4cztGhLA_0.jpg,48.807597,2.266086,a long road with some cars on it;a street with cars parked on the side of it;a street with cars parked on the side of the road;a long line of cars driving down a narrow street;a street with cars parked on the side and a building
2017_RVqURh3Cmbkd3muhJ1tNLw,0.6657227,0.054641843,0.049996793,0.058189332,0.014637172,0.022698373,0.07664099,0.016433299,0.052921444,0.018790215,101,2017_RVqURh3Cmbkd3muhJ1tNLw_0.jpg,48.787597,2.376086,a group of cars that are sitting in the street;a group of cars driving down a street;a group of cars driving down a road;a group of cars that are sitting in the road;a group of cars driving down a road next to a fence
2017_XrdxbPf5QR_6NfZYmEIcDw,0.49284875,0.031096518,0.043326408,0.08070484,0.011490494,0.017534882,0.34107333,0.0130274,0.04183215,0.034689456,502,2017_XrdxbPf5QR_6NfZYmEIcDw_0.jpg,48.827597,2.346086,a row of buildings on a narrow street;a narrow street with a brick sidewalk and buildings;a narrow street has a brick sidewalk and a brick sidewalk;a narrow street with a brick sidewalk and buildings on each side;a narrow street has a brick sidewalk and a row of buildings
2017_MzrYaiv3opd3wi4XjPe2Vg,0.36223096,0.0300152,0.018746257,0.23549247,0.014478892,0.02639383,0.14556435,0.009783387,0.12735116,0.04548958,301,2017_MzrYaiv3opd3wi4XjPe2Vg_0.jpg,48.807597,2.406086,a skateboard ramp that is covered in snow;a skateboard ramp that is covered in a lot;a skate park with a lot of different things;a skate park with a lot of different things on it;a skateboard ramp that is covered in a lot of snow
2017_50pqVfkUclteJRJal073-g,0.49069476,0.051101625,0.02648744,0.17194855,0.024304599,0.039004892,0.09205103,0.016926378,0.16720259,0.04161811,101,2017_50pqVfkUclteJRJal073-g_0.jpg,48.817597,2.436086,a semi truck parked on the side of the road;a truck parked on the side of the road;a fire truck parked on the side of the road;a semi truck parked on the side of a street;a semi truck parked on the side of a road
2017_aNn9620KBrWHjZAOIecGPA,0.46404788,0.033011466,0.019014776,0.16601223,0.013353199,0.0253115,0.106313646,0.009652019,0.122594565,0.033469558,101,2017_aNn9620KBrWHjZAOIecGPA_0.jpg,48.827597,2.286086,a road that has a few cars on it;a car driving down a street next to buildings;a road that has a few cars driving down it;a car driving down a road next to a forest;a car driving down a road next to a fence
2017_SeHnaJc0Z5srXDp7MDBgQg,0.6125073,0.04403901,0.028321713,0.097768515,0.014987886,0.025781095,0.07873714,0.012460083,0.085960925,0.025010794,101,2017_SeHnaJc0Z5srXDp7MDBgQg_0.jpg,48.807597,2.436086,a couple of cars driving down a road;a couple of cars driving down a street;a group of cars driving down a road;a couple of cars driving on a road;a couple of cars driving down a street next to a fence
2017_pd49l3ENnDH0lbcTYqgwnQ,0.34326494,0.027414441,0.023281693,0.23347676,0.012006938,0.023795545,0.2095907,0.010192633,0.07977852,0.049551934,301,2017_pd49l3ENnDH0lbcTYqgwnQ_0.jpg,48.837597,2.426086,a dirt road between some trees and a road;a dirt road between some trees and a car;a dirt road that has a car parked on it;a dirt road with trees and a car driving down it;a dirt road that has a car parked on the side of it
2017_CSdCOLtl3m8qYoKlRdncvA,0.51495385,0.053758413,0.02791816,0.1436702,0.0207676,0.03722486,0.09552202,0.014912963,0.15305069,0.038533866,101,2017_CSdCOLtl3m8qYoKlRdncvA_0.jpg,48.787597,2.456086,a view of a street from a car window;a view of a street from the street;a view of a street from the side of the road;a view of a street from the side of a road;a view of a street from the side of a building
2017_S7Eywqoqiq9c4-RmmsRLQg,0.6516947,0.042429,0.032394737,0.06806731,0.01183477,0.021112561,0.07511869,0.012072027,0.055757344,0.018550158,101,2017_S7Eywqoqiq9c4-RmmsRLQg_0.jpg,48.797597,2.316086,a street with cars parked on the side of it;a long line of cars parked on the side of the road;a long line of cars parked on the side of a road;a view of a street with cars parked in it;a long line of cars parked on the side of a street
2017_8btEx1-TE49I91JKQrMS0A,0.6881708,0.042418003,0.041363776,0.04199049,0.00981766,0.016354173,0.09445956,0.014458418,0.039441764,0.01634106,101,2017_8btEx1-TE49I91JKQrMS0A_0.jpg,48.827597,2.236086,a car parked in front of a building;a car driving down a street next to tall buildings;a car parked on the side of the road;a car is parked on the side of the street;a car is parked on the side of the road
2017_sUD7lQnHy577vowenv34iw,0.31052458,0.036143392,0.021345943,0.29293415,0.018473357,0.03554368,0.1588113,0.011813998,0.15063739,0.051846534,301,2017_sUD7lQnHy577vowenv34iw_0.jpg,48.777597,2.386086,an empty road with a fence on the side;an empty road with a fence on the side of it;an empty road with a fence on it;a road with a fence on the side of it;an empty road with a fence on the side of the road
2017_J6uvbmuhPV2vX29rTO2Dyw,0.6848408,0.04329294,0.043780267,0.041231334,0.010177195,0.016049206,0.094251305,0.014758647,0.03981796,0.016357899,101,2017_J6uvbmuhPV2vX29rTO2Dyw_0.jpg,48.797597,2.356086,a view of a street from the side of a car;a view of a street from the side;a view of a street from the side of the street;a view of a street from the side of the road;a view of a city street from a car window
2017_kvqZcVC3FlDW6763RsWBWw,0.6615062,0.05275005,0.09115407,0.03628841,0.015140206,0.017413229,0.11846107,0.02311045,0.040977538,0.02261439,101,2017_kvqZcVC3FlDW6763RsWBWw_0.jpg,48.837597,2.236086,a city street with tall buildings on both sides;a view of a street from a car window;a view of a street from the side of a building;a view of a street from the side of a road;a view of a city street from the side of a street
2017_-gaCc_Axv-1t5bgiX2FZCg,0.6579025,0.056227803,0.072752446,0.056214035,0.015494913,0.020139068,0.07827905,0.018536657,0.05473423,0.021390498,101,2017_-gaCc_Axv-1t5bgiX2FZCg_0.jpg,48.847597,2.386086,a city street filled with lots of traffic;a city street with cars parked on the side;a street scene with cars and buildings in the background;a city street with cars parked on the side of it;a city street with cars parked on the side of the road
2017_D4T5E01NxABX1tp1IQkwWg,0.45428795,0.026717275,0.022569269,0.1280317,0.009780765,0.016624361,0.13991135,0.008191884,0.08293182,0.030503184,101,2017_D4T5E01NxABX1tp1IQkwWg_0.jpg,48.817597,2.396086,a group of people standing around in a room;a blurry image of people at an airport;a group of people standing around in a building;a blurry image of a man in an airplane;a blurry image of a man standing in a room
2017_JTcIw72PLQ_d1xaEj5U-Vw,0.53847176,0.04994139,0.024876297,0.14665663,0.021923274,0.0370422,0.09117252,0.015559137,0.14499968,0.03703636,101,2017_JTcIw72PLQ_d1xaEj5U-Vw_0.jpg,48.857597,2.216086,a truck parked on the side of a road;a large white truck driving down a city street;a truck parked on the side of the road;a truck parked on the side of a street;a truck parked on the side of a road next to trees
2017_AztoLw0EpmnJV0wfNs3iNw,0.44296575,0.024616808,0.0284127,0.106016815,0.009177685,0.015371233,0.2737859,0.009291917,0.050382376,0.033381164,502,2017_AztoLw0EpmnJV0wfNs3iNw_0.jpg,48.857597,2.296086,a view of a street from the side of a tree;a person walking down a street next to a tree;a person walking on a path near trees;a view of a street from the side of the road;a person walking down a street next to trees
2017_gfDxwoQnd20RXxnPulKyqg,0.20929,0.080165625,0.049851447,0.42906263,0.0520432,0.103640735,0.19171762,0.035903007,0.2879985,0.1335445,301,2017_gfDxwoQnd20RXxnPulKyqg_0.jpg,48.827597,2.226086,a view of a train track with a sky background;a view of a train track from a distance;a view of a train track from a platform;a view of a train track with a sky in the background;a view of a train track from a distance with a sky background
2017_E_5z9z92vi5iv_QQGby-aQ,0.6697968,0.03745243,0.027435571,0.062939286,0.010166049,0.019132495,0.08583614,0.011764854,0.05115795,0.018122733,101,2017_E_5z9z92vi5iv_QQGby-aQ_0.jpg,48.777597,2.396086,cars parked on the side of the road;cars parked on the side of a road;a view of a street from a car window;cars parked on the side of a road near houses;cars parked on the side of the road in the evening
2017_WYJOQiNSW5NN_ql-Do1sBA,0.6685186,0.045828223,0.03814873,0.061070174,0.01265344,0.021153659,0.07699028,0.013919115,0.05215001,0.017803162,101,2017_WYJOQiNSW5NN_ql-Do1sBA_0.jpg,48.787597,2.266086,a truck parked on the side of the road;a truck parked on the side of the street;a car parked on the side of the road;a truck parked on the side of a street;a truck parked on the side of a road
2017_OIX4ud-ofQMxQu1AdsI3Gw,0.3947674,0.062104404,0.0315001,0.23129073,0.032503664,0.06049493,0.11412555,0.02073428,0.23634273,0.060087442,301,2017_OIX4ud-ofQMxQu1AdsI3Gw_0.jpg,48.797597,2.286086,a view of a city street from a distance;a view of a city street from the side;a view of a city street from an intersection;a view of a city street from the side of the road;a view of a city street from the side of a street
2017_T6jeNmtWMMZt9j3WJwZeRw,0.6854613,0.044004142,0.04210168,0.049013376,0.010877371,0.017419994,0.07951763,0.013803244,0.04423055,0.01638177,101,2017_T6jeNmtWMMZt9j3WJwZeRw_0.jpg,48.807597,2.366086,a row of buildings on a city street;a view of a street with houses and buildings;a view of a street with houses and buildings in the background;a row of buildings on a street in a residential area;a row of buildings on a street with a sidewalk
2017_R3DSZ9NCRzJ9zfXfDQbWeg,0.5652166,0.024369359,0.020035774,0.08372131,0.007228226,0.01430586,0.1275301,0.007438868,0.055420935,0.022052824,101,2017_R3DSZ9NCRzJ9zfXfDQbWeg_0.jpg,48.847597,2.266086,a view of a building through a window;the inside of a building with a glass door;the inside of a building with a glass window;a view of a building through the window of a bus;a view of a building through the window of a building
2017_KmebEUzJzK4Pm-tqSCNsEw,0.67825514,0.04355201,0.04011637,0.053430438,0.011149138,0.018660247,0.0808534,0.013564646,0.04582852,0.01607129,101,2017_KmebEUzJzK4Pm-tqSCNsEw_0.jpg,48.817597,2.286086,a long line of cars on a city street;a long line of cars driving down a street;a long line of cars driving down a road;a long line of cars parked on the side of the road;a long line of cars are parked on the street
2017_X0dSmqO2VmEoJoIcOSF-ZA,0.50704104,0.039520264,0.023088932,0.13950786,0.015589297,0.028180927,0.09310779,0.011372477,0.12390113,0.033557147,101,2017_X0dSmqO2VmEoJoIcOSF-ZA_0.jpg,48.837597,2.256086,a car driving down a street next to tall buildings;a car driving down a road next to tall buildings;a car driving down a road next to buildings;a car driving down a road next to a building;a car driving down a road next to a tall building
2017_0UQVvFtrXjXm31-TJvY4DA,0.5376545,0.053957373,0.026844293,0.1406771,0.022854626,0.03780034,0.08919442,0.016763419,0.14684907,0.036758542,101,2017_0UQVvFtrXjXm31-TJvY4DA_0.jpg,48.827597,2.416086,a parking lot with several cars parked in it;a group of cars parked in a parking lot;a parking lot with several cars parked on the side;a parking lot with several cars parked on it;a parking lot with several cars parked on the side of the road
2017_x4nuyjNUjXxatsrhN38DIw,0.58631563,0.05815065,0.03424892,0.1069271,0.021831602,0.034181774,0.08531469,0.017457485,0.121385336,0.032339036,101,2017_x4nuyjNUjXxatsrhN38DIw_0.jpg,48.867597,2.266086,a group of cars driving down a street;a group of cars driving down the road;a group of cars driving down a road;a group of cars driving down a road next to trees;a group of cars driving down a street next to trees
2017_4ixqaGtYGK2Ml_peiqBoLw,0.42654753,0.039764255,0.021024644,0.19945309,0.019022554,0.03657338,0.118683696,0.012250781,0.1599828,0.04378259,101,2017_4ixqaGtYGK2Ml_peiqBoLw_0.jpg,48.817597,2.366086,a view of a city street from a distance;a view of a city street from the street;a view of an empty street from the top;a view of a city street with a building;a view of an empty street from the top of a building
2017_6q7zdROkngZu7rs7kR6mJw,0.6529186,0.05091113,0.06521848,0.050111234,0.013793945,0.019415617,0.082119435,0.016894072,0.047049314,0.01918289,101,2017_6q7zdROkngZu7rs7kR6mJw_0.jpg,48.857597,2.376086,a person on a skateboard on a city street;a person on a skateboard on a street;a man rides his skateboard down a busy street;a man rides his skateboard down a busy city street;a street scene with cars and a person on a skateboard
2017_19lcDROgR1GlqUCS9MkEfA,0.61538666,0.04013902,0.026885033,0.08840856,0.012904018,0.022022903,0.08023322,0.011339486,0.07849532,0.022722423,101,2017_19lcDROgR1GlqUCS9MkEfA_0.jpg,48.827597,2.376086,a couple of cars parked in front of a building;a car parked in front of a building;a couple of cars parked in front of a tall building;a couple of cars parked in front of a large building;a couple of cars parked on the side of a street
2017_1VdFiFavCSkY5AC8-v4xgA,0.6683732,0.04226935,0.035883397,0.060017973,0.011400938,0.01951316,0.07709676,0.012648195,0.049921513,0.016867667,101,2017_1VdFiFavCSkY5AC8-v4xgA_0.jpg,48.807597,2.416086,a view of a city street from the street;a view of an empty street from a window;a view of an empty street from a car window;a view of the street from a car window;a view of a city street from a vehicle
2017_iMu_UqlI0n-7uAwCxjzWqQ,0.340652,0.072478265,0.036336035,0.28988,0.0387398,0.071870655,0.11976069,0.025693715,0.2775392,0.0743233,301,2017_iMu_UqlI0n-7uAwCxjzWqQ_0.jpg,48.777597,2.216086,an empty parking lot with a sky background;a empty parking lot with a sky in the background;a empty parking lot with a sky background;a empty parking lot with a sky in the distance;a empty parking lot with a few cars on it
2017_rB7AA8DEouulVfGg4pT5Og,0.67103076,0.057490975,0.07036671,0.050682187,0.015271217,0.020773232,0.07739398,0.018596679,0.05026537,0.01901871,101,2017_rB7AA8DEouulVfGg4pT5Og_0.jpg,48.847597,2.326086,a city street with cars and buildings on it;a city street with cars and people walking on it;a city street with cars and people walking;a view of a city street from the sidewalk;a city street with cars parked on the side of the road
2017_fd53ruLFXbVKoQOuUyPPQA,0.5633147,0.03598258,0.021944493,0.11410168,0.013338566,0.023898065,0.08750683,0.011055142,0.09170321,0.027703285,101,2017_fd53ruLFXbVKoQOuUyPPQA_0.jpg,48.777597,2.406086,a sign that says UNK UNK UNK UNK;a sign that says UNK UNK the UNK;a sign that says UNK UNK UNK UNK UNK;a sign that says the UNK UNK on the side of the road;a sign that says UNK UNK UNK UNK UNK UNK
2017_F6FWrXU7YSruo0vSeJaMtQ,0.42852512,0.04057929,0.020025074,0.2103022,0.020477474,0.03926918,0.1185891,0.0132204,0.16414136,0.0430502,301,2017_F6FWrXU7YSruo0vSeJaMtQ_0.jpg,48.797597,2.416086,a long road with a few cars driving down it;a view of a tree on the side of a road;a view of a tree on the side of the road;a view of a road from a car window;a long road with a few cars parked on the side
2017_QMGzD-McWKyL_WE9cpViDA,0.52426726,0.03470707,0.021268398,0.14085147,0.014114797,0.02414143,0.094522506,0.010767937,0.113496184,0.030629635,101,2017_QMGzD-McWKyL_WE9cpViDA_0.jpg,48.777597,2.376086,a view of a city street with buildings in the background;a view of a street with a few cars driving down it;a view of a street with a few cars driving on it;a view of an intersection with a street sign and a building;a view of an intersection with a street sign that reads UNK
2017_HfWbeSRypDsmdIoEfQE6Gw,0.5600553,0.032498747,0.01925844,0.114910126,0.011672735,0.02434206,0.10332197,0.009465218,0.08824,0.026748002,101,2017_HfWbeSRypDsmdIoEfQE6Gw_0.jpg,48.857597,2.396086,a airplane that is flying in the air;a airplane that is flying in front of a building;a airplane that is flying in front of some buildings;a large jetliner flying through a cloudy blue sky;a airplane that is flying in the air near a building
2017_wD3oIpW3KC0-klw2fElFAQ,0.6878953,0.04504031,0.04173103,0.04426384,0.010797322,0.017483413,0.088291466,0.015315026,0.041467875,0.016767353,101,2017_wD3oIpW3KC0-klw2fElFAQ_0.jpg,48.777597,2.356086,a group of cars parked in front of a building;a group of cars parked on the side of a street;a row of parked cars in front of a tall building;a group of cars parked on the side of the road;a group of cars parked on the side of the street
2017_ShwTDe3MVUHykXaHkpZVug,0.38392186,0.02877739,0.017008662,0.21093553,0.013897032,0.026370853,0.15527704,0.009346485,0.12367919,0.04078558,301,2017_ShwTDe3MVUHykXaHkpZVug_0.jpg,48.817597,2.456086,a car driving down a road next to a forest;a car driving down a road next to a lush green forest;a view of a road from the side of a road;a view of a street from the side of a road;a car driving down a road next to a green field
2017_pfYMkDkOK5AIThB89N10Uw,0.6638061,0.046514124,0.045290887,0.05255401,0.011711419,0.01914674,0.074872404,0.013778359,0.047866106,0.016876966,101,2017_pfYMkDkOK5AIThB89N10Uw_0.jpg,48.857597,2.276086,a group of cars parked in front of a tall building;a group of cars parked in front of a building;several cars parked in front of a building;a group of cars parked in front of a store;a group of cars parked on the side of a street
2017_KdfTTcfYvni1QQPWk_bQZA,0.6622208,0.03382066,0.025138944,0.060278207,0.008574188,0.016938627,0.09457213,0.010561436,0.047913402,0.017446369,101,2017_KdfTTcfYvni1QQPWk_bQZA_0.jpg,48.797597,2.266086,a red car driving down a street next to houses;a red car driving down a street next to buildings;a red car driving down a street next to a white building;a red car driving down a street next to a house;a red car driving down a street next to a white house
2017_4TXa2-spqTaA1zyBHi9WVg,0.68102527,0.046238303,0.045877516,0.04689014,0.01129669,0.017723322,0.082099974,0.014776707,0.043570936,0.016259462,101,2017_4TXa2-spqTaA1zyBHi9WVg_0.jpg,48.807597,2.296086,a group of cars parked on the side of a road;a group of cars driving down a street;a car driving down a street next to a motorcycle;a group of cars driving down a street next to tall buildings;a street with cars and motorcycles parked on it
2017_CKOlIquBl9PkBr17I4Ln1Q,0.67559874,0.04877183,0.050787717,0.04902816,0.012129813,0.01868236,0.07881123,0.014962256,0.04712966,0.016796172,101,2017_CKOlIquBl9PkBr17I4Ln1Q_0.jpg,48.857597,2.416086,a group of cars driving down a street next to tall buildings;a group of cars driving down a road;a group of cars driving on a road;a group of cars driving down a road next to tall buildings;a group of cars driving down a street next to buildings
2017_To9XzXBlWpJpdwVFF7zDlg,0.57110643,0.027024388,0.023774207,0.06806955,0.007922262,0.014779061,0.16498753,0.009086072,0.0465087,0.022718519,101,2017_To9XzXBlWpJpdwVFF7zDlg_0.jpg,48.817597,2.486086,a view of a street with houses and trees;a view of a street with houses on it;a long empty street with a long line of houses;a view of a street from the side of a building;a view of a street with houses and trees on it
2017_b-Goy6YLqHPmlbJpCLYfVQ,0.366109,0.026636988,0.026433975,0.18221906,0.011254877,0.021178663,0.2403638,0.010232002,0.06568438,0.046183854,502,2017_b-Goy6YLqHPmlbJpCLYfVQ_0.jpg,48.867597,2.256086,a trail of trees in a wooded area;a trail of trees in the middle of the woods;a trail of trees in the middle of a park;a trail of trees in the middle of the forest;a wooded area with several trees and a path
2017_06g7iR_dtwdCbaD3F0JuXg,0.6606008,0.055678666,0.05822161,0.059978426,0.014623195,0.021447718,0.07438505,0.016536206,0.05693704,0.020436794,101,2017_06g7iR_dtwdCbaD3F0JuXg_0.jpg,48.827597,2.276086,a group of cars that are sitting in the street;a group of cars parked in front of a building;a group of cars parked on the side of a road;a group of cars driving down a street;a group of cars parked in front of a tall building
2017_mor1p2SDPPXmwmWc8catag,0.42241046,0.023822099,0.018398523,0.15931123,0.009572893,0.019512653,0.21813145,0.008376718,0.067132264,0.03503585,502,2017_mor1p2SDPPXmwmWc8catag_0.jpg,48.847597,2.486086,a view of a street with trees and a fence;a view of an empty parking lot from a distance;a view of a parking lot with trees and a sign;a view of a parking lot with trees and a fence;a view of a parking lot with trees and a blue fence
2017_ADTfoH70wKZ_C48V22PBNw,0.6648064,0.05375579,0.05920127,0.05768174,0.015051693,0.021025807,0.07220945,0.016743898,0.054858327,0.019649297,101,2017_ADTfoH70wKZ_C48V22PBNw_0.jpg,48.817597,2.326086,a person riding a bike on a city street;a view of a city from the street;a view of a city street from a building;a person on a bike rides in front of a building;a person riding a bike on a city street near tall buildings
2017_fD8Cg44Xua5A6Jkbm04qzw,0.39921826,0.06072533,0.030789822,0.23859489,0.031297773,0.053588837,0.10516122,0.020819187,0.23001531,0.058359116,301,2017_fD8Cg44Xua5A6Jkbm04qzw_0.jpg,48.817597,2.426086,a parking lot with a fence and trees;an empty parking lot with a fence and trees;a parking lot with a fence and trees in the background;a parking lot next to a fence and trees;an empty parking lot next to a fence
2017_aUuKrbWx5l-xaCs5jTguOQ,0.6332311,0.035488456,0.021676093,0.081498,0.010633081,0.020959765,0.090936214,0.010383993,0.062196106,0.02043137,101,2017_aUuKrbWx5l-xaCs5jTguOQ_0.jpg,48.787597,2.356086,a car parked on the side of the road;a white van parked on the side of a road;a silver car parked on the side of a road;a car parked on the side of a road;a silver car parked on the side of a road near trees
2017_jUEdGKpASJm5iEbzsBb6BQ,0.6576652,0.047130495,0.03908965,0.0628961,0.012893081,0.02146262,0.07648212,0.013471127,0.057027936,0.018683553,101,2017_jUEdGKpASJm5iEbzsBb6BQ_0.jpg,48.807597,2.276086,a long line of cars driving down a street;a long line of cars parked on the street;a long line of cars parked on the side of a road;a long line of cars parked on the side of the road;a street with cars parked on the side of the road
2017_B9QXahULfz05LreFEH6C5Q,0.32407898,0.029382259,0.019243062,0.2555081,0.013439775,0.02862209,0.19107011,0.010140806,0.100354284,0.05022621,301,2017_B9QXahULfz05LreFEH6C5Q_0.jpg,48.847597,2.246086,a car driving down a road next to a forest;a view of a road from a car window;a car driving down a road next to a park;a car driving down a road next to a field;a car driving down a road in the day
2017_kcXHTmU-1vk6uLFr6lZv6Q,0.5202752,0.031542838,0.021528244,0.11438647,0.010592282,0.021011949,0.14661762,0.009457767,0.0697864,0.028369516,101,2017_kcXHTmU-1vk6uLFr6lZv6Q_0.jpg,48.837597,2.266086,a boat floating on a body of water;a boat on a body of water with a sky background;a boat floating on a body of water next to a dock;a boat on a body of water near a dock;a boat on a body of water next to a pier
2017_mPqHjb6xoF4EXs1HM8I-QA,0.6836797,0.039916992,0.031974196,0.050134808,0.009686917,0.017442822,0.08974376,0.012620091,0.04282534,0.016164094,101,2017_mPqHjb6xoF4EXs1HM8I-QA_0.jpg,48.817597,2.276086,a view of a street from the side of the road;a view of a street from a car window;a view of a street from the side of a road;a view of a street from the side of the street;a view of a city street from the sidewalk
2017_EfE7116q5AWp6GAN3T45fQ,0.35166824,0.025632769,0.020862281,0.23024657,0.01221332,0.021782845,0.18261841,0.009262741,0.10175642,0.043853223,301,2017_EfE7116q5AWp6GAN3T45fQ_0.jpg,48.837597,2.436086,a blurry image of a dirt road and houses;a blurry image of a dirt road with a blue sky;a blurry image of a dirt road in the country;a blurry image of a dirt road with a blue sky in the background;a blurry image of a dirt road in the middle of a town
2017_7bXhFqu3O79frIVnbOksbQ,0.68022144,0.04278055,0.048483014,0.038441002,0.010081798,0.015694797,0.104664534,0.015599161,0.037804067,0.017559618,101,2017_7bXhFqu3O79frIVnbOksbQ_0.jpg,48.827597,2.266086,a car driving down a street next to tall buildings;a car driving down a street past tall buildings;a car driving down a city street next to tall buildings;a car driving down a city street next to buildings;a car driving down a city street next to a tall building
2017_kdEWVDVljqsZkkUC5jAcwQ,0.5903808,0.03407988,0.019239962,0.10485786,0.01201877,0.022896558,0.09090841,0.009919375,0.07922199,0.024440944,101,2017_kdEWVDVljqsZkkUC5jAcwQ_0.jpg,48.807597,2.486086,a car driving down a street past a house;a car driving down a street past a building;a car driving down a street past a tall building;a car driving down a street next to a forest;a car driving down a street next to a lush green forest
2017_dLk0bbNVocdI8KaY7T0oDQ,0.5350952,0.02987063,0.015615463,0.12987193,0.011450022,0.02329886,0.11616129,0.008707285,0.09765488,0.027549863,101,2017_dLk0bbNVocdI8KaY7T0oDQ_0.jpg,48.787597,2.286086,a view of a street from the side of the road;a view of a road from the side;a view of a street from the side of a road;a view of a street from the side of the street;a view of a road from the side of it
2017_DH4aQPoPVgFqqrl25KKhew,0.6204461,0.029953122,0.020801097,0.07172811,0.008292288,0.01663223,0.09919989,0.008529007,0.053773344,0.019094467,101,2017_DH4aQPoPVgFqqrl25KKhew_0.jpg,48.817597,2.476086,an empty street in a residential neighborhood;a long empty street in a residential area;a long empty street in a residential neighborhood;an empty street in a residential area with a few houses;an empty street in a residential area with a large house
2017_d1K_gE3PxpknyydVcluCWg,0.5577911,0.034281045,0.01817891,0.12501472,0.013172716,0.025314003,0.096518666,0.010238349,0.09615067,0.028029382,101,2017_d1K_gE3PxpknyydVcluCWg_0.jpg,48.787597,2.436086,a street with cars parked on the side of it;a street with cars parked on the side of the road;a car driving down a street past tall buildings;a car driving down a street next to buildings;a street with cars parked on the side
2017_D8yNiltf7geaw5BUGCFa7A,0.65945196,0.05811742,0.07889423,0.051487863,0.015687466,0.020782083,0.08174303,0.019292116,0.05032804,0.020769654,101,2017_D8yNiltf7geaw5BUGCFa7A_0.jpg,48.827597,2.306086,a city street filled with traffic and tall buildings;a view of a city street with cars and motorcycles;a view of a city street from a distance;a view of a city street from a car;a view of a city street with cars and motorcycles in the background
