2017_POaTX3adzDF22P5xmyhXRQ,0.6516173,0.03688687,0.037925303,0.04752767,0.008873522,0.01472339,0.099606186,0.011853576,0.041164577,0.01696679,101,2017_POaTX3adzDF22P5xmyhXRQ_0.jpg,51.501003,-0.136289,a group of people walking down a sidewalk;a group of people walking down a sidewalk next to trees;a group of people walking across a street;a group of people walking down a street next to trees;a group of people walking down a sidewalk next to a road
2017_dn2x5Q8qEzVPxLs-dKke6Q,0.6831444,0.038538963,0.03707376,0.044350207,0.009182006,0.01572892,0.09605697,0.013227284,0.03901291,0.016409308,101,2017_dn2x5Q8qEzVPxLs-dKke6Q_0.jpg,51.521003,-0.156289,a row of buildings next to a street;a row of buildings next to a sidewalk;a row of buildings with a plant in the middle;a row of buildings with a plant in the center;a row of buildings with a plant in the window
2017_lilOkqhFsWdg8G6qFefmjw,0.6417731,0.041342467,0.025978059,0.07627627,0.012237996,0.022854269,0.083833486,0.011801034,0.06201303,0.019918948,101,2017_lilOkqhFsWdg8G6qFefmjw_0.jpg,51.481003,-0.246289,a road that has a few cars on it;a car driving down a street next to a forest;a view of a road from the side of the road;a view of a road from the side of a road;a view of a street from the side of a road
2017_NZmwC6Ijjo94IVfX72zYnA,0.6517196,0.048704088,0.041665465,0.062797755,0.01346615,0.021931201,0.07463685,0.01455,0.056606114,0.01943165,101,2017_NZmwC6Ijjo94IVfX72zYnA_0.jpg,51.481003,-0.066289,a couple of cars driving down a road;a car driving down a road next to buildings;a car driving down a street next to a tall building;a couple of cars driving down a street next to buildings;a couple of cars driving down a street next to tall buildings
2017_7p2miL21Oa8HawIPrL775Q,0.6682066,0.056943,0.062368333,0.051515102,0.014948785,0.021348,0.07740125,0.017572194,0.049999326,0.018468976,101,2017_7p2miL21Oa8HawIPrL775Q_0.jpg,51.491003,-0.156289,a street filled with traffic next to tall buildings;a city street with cars and a bus;a city street with cars and buses on the road;a city street with cars and buses on it;a city street with cars and buses parked on it
2017_zki7MbWom5XSOYqIWzjcuA,0.6628311,0.040982395,0.04457876,0.055410802,0.010748774,0.017136753,0.08264083,0.012258858,0.04799658,0.016777635,101,2017_zki7MbWom5XSOYqIWzjcuA_0.jpg,51.511003,-0.046289,a street with various buildings on both sides;a street with a row of buildings on it;a street with a row of buildings on both sides;a street with a row of buildings on both sides of it;a street with a row of buildings on both sides of the street
2017_a_cBiOwVKmtRWt_1W-IE0A,0.6873563,0.045078486,0.04058519,0.047378182,0.010767281,0.017875165,0.085454315,0.014382571,0.042991042,0.016369492,101,2017_a_cBiOwVKmtRWt_1W-IE0A_0.jpg,51.551003,-0.106289,a group of cars parked in front of a house;a group of cars parked in front of a building;a group of cars parked on a city street;a group of cars parked in front of a home;a group of cars parked on the side of a street
2017_vP5SHcD-05l_JM0rVJocOg,0.42786196,0.025269628,0.019622236,0.1604915,0.010489255,0.019847393,0.1493386,0.008351743,0.10059565,0.03463298,101,2017_vP5SHcD-05l_JM0rVJocOg_0.jpg,51.511003,-0.116289,a sign on a wall in a room;a sign is hanging on the wall in a room;a sign is hanging on the wall of a building;a sign on a wall in a room with red walls;a sign is hanging on the wall in a bathroom
2017_UUbuDq0Y1M9D2uIDiR-IlQ,0.6449876,0.036631793,0.025468946,0.07410428,0.011109859,0.02039966,0.0837473,0.011401266,0.061531276,0.021163315,101,2017_UUbuDq0Y1M9D2uIDiR-IlQ_0.jpg,51.481003,-0.206289,a group of cars parked on the side of the road;a group of cars parked on the side of a road;many cars are parked on the side of the road;a group of cars parked on the side of a street;many cars are parked on the side of the street
2017_WUnCreGKG_baIhNY763PuQ,0.6410084,0.032168806,0.022115111,0.068289965,0.008970499,0.017426848,0.09160873,0.010111332,0.04990357,0.018269151,101,2017_WUnCreGKG_baIhNY763PuQ_0.jpg,51.551003,-0.236289,a car parked on the side of the road;a car parked on the side of the street;a car parked on the side of a street;a small blue car parked on the side of the road;a small blue car parked on the side of the street
2017_Z-fQT1na8L5za6qI53E_HA,0.6923526,0.045966655,0.044589967,0.0455198,0.011160016,0.01767978,0.0843004,0.015310824,0.043447196,0.016646475,101,2017_Z-fQT1na8L5za6qI53E_HA_0.jpg,51.531003,-0.046289,a car parked on the side of a road;a car parked on the side of the road;a car parked on the side of the street;a car driving down a road next to a fence;a car parked on the side of a road near a fence
2017_WpiBNGMV5mFAFQzR8LKwAw,0.66718006,0.035078257,0.032241285,0.04603383,0.008166105,0.015182495,0.10174593,0.012125671,0.03893152,0.016560018,101,2017_WpiBNGMV5mFAFQzR8LKwAw_0.jpg,51.481003,-0.036289,a red car parked in front of a building;a red car parked on the side of the road;a red car parked on the side of a street;a red car parked on the side of a road;a red car driving down a street past a tall building
2017_PaEzq8zyt5HSkBFI34mJLQ,0.6858477,0.047000885,0.039108694,0.053974777,0.012054682,0.020178735,0.080375195,0.014744341,0.04651779,0.01677093,101,2017_PaEzq8zyt5HSkBFI34mJLQ_0.jpg,51.541003,-0.226289,a car parked on the side of the road;a car parked on the side of a street;a car parked on the side of the street;a car parked on the side of a road near a building;a car parked on the side of a road next to a building
2017_kD_KymJw6kLXnBeIXXVYjw,0.65976113,0.04335153,0.04141617,0.054888904,0.011080831,0.01840502,0.076115936,0.012696683,0.050171614,0.01745835,101,2017_kD_KymJw6kLXnBeIXXVYjw_0.jpg,51.491003,-0.206289,a group of cars parked in front of a tall building;a couple of cars parked in front of a tall building;a couple of cars parked in front of a building;a couple of cars driving down a city street;a group of cars parked in front of a building
2017_iY9EGZp6-CpVhSfsYS3A5A,0.5385396,0.043808103,0.026165396,0.14497349,0.018974572,0.032695472,0.088939995,0.013667047,0.13490385,0.03596154,101,2017_iY9EGZp6-CpVhSfsYS3A5A_0.jpg,51.481003,-0.086289,a truck driving down a road past a house;a truck driving down a road next to a building;a truck driving down a street next to a house;a truck driving down a road next to a house;a truck driving down a road past a building
2017_7nL9m1cb_bHKfJ2uFaEGDQ,0.5341344,0.054737896,0.02715543,0.13944131,0.02148074,0.038948327,0.09342754,0.01534456,0.14372402,0.036745995,101,2017_7nL9m1cb_bHKfJ2uFaEGDQ_0.jpg,51.471003,-0.146289,a view of a street with cars driving down it;a street with cars parked on the side of it;a street with cars parked on the side of the road;a view of a street with cars parked on the side;a view of a street with cars parked on the street
2017_0k4pTa65O2k-ND8wMs1KiQ,0.6023731,0.026060998,0.02084902,0.06638864,0.007431477,0.015020072,0.14998773,0.009438485,0.043173134,0.020497382,101,2017_0k4pTa65O2k-ND8wMs1KiQ_0.jpg,51.491003,-0.046289,a car driving down a road next to trees;a car driving down a street next to tall trees;a view of a street from a car window;a car driving down a street next to a building;a car driving down a road next to a tall building
2017_PWsgD7NS1T1P0z-S_gWheg,0.52705956,0.0247868,0.015521228,0.124132305,0.00840807,0.017317116,0.12933823,0.007265359,0.07674539,0.024229169,101,2017_PWsgD7NS1T1P0z-S_gWheg_0.jpg,51.511003,-0.246289,a car driving down a street past houses;a car driving down a street next to houses;a car parked on the side of the road;a car parked on the side of a road;a car driving down a street next to a house
2017_8Rxnyy7ir8b_GDLyideL8g,0.6497083,0.044580996,0.03510353,0.06633422,0.012156546,0.021423936,0.07545769,0.012193501,0.059010357,0.018855512,101,2017_8Rxnyy7ir8b_GDLyideL8g_0.jpg,51.521003,-0.166289,a street that has cars parked on it;a street that has a few cars parked on it;a street that has cars parked on the side of it;a street that has cars parked on the side of the street;a street that has a bunch of cars on it
2017_RRSZjotMhcmyAVErII5Avg,0.6615894,0.038785994,0.03164625,0.057434678,0.009953201,0.017833412,0.08109555,0.011072069,0.04972467,0.016446143,101,2017_RRSZjotMhcmyAVErII5Avg_0.jpg,51.541003,-0.176289,a view of a city street from across the street;a view of a city street from the street;a street with cars parked on the side of the road;a view of a street from the side of the road;a view of a street from the side of a road
2017_KvoVVqhZ7CXuGufODrEWFw,0.53960747,0.028531283,0.037356377,0.06523672,0.007907689,0.012632906,0.20909041,0.009353101,0.04315704,0.024862021,502,2017_KvoVVqhZ7CXuGufODrEWFw_0.jpg,51.551003,-0.166289,a person walking down a street next to houses;a person walking down the street in a neighborhood;a person walking down a street next to a street light;a person walking down the street in the middle of the day;a person walking down a street next to a lamp pole
2017_kXW09VR7CLBSLDrg91CrRQ,0.4916773,0.040358096,0.021608531,0.14815107,0.01513043,0.028552711,0.100109875,0.010796219,0.13174987,0.033212334,101,2017_kXW09VR7CLBSLDrg91CrRQ_0.jpg,51.501003,-0.106289,an empty street with a building in the background;a empty street in front of an apartment building;a empty street in front of a tall building;a empty street in front of a large brown building;an empty street with a few cars parked on the side
2017_7fxfXl6kiL5nIBCWaIbRjg,0.5874992,0.03908524,0.020445198,0.11575225,0.014325857,0.02688557,0.08972907,0.011153817,0.09317595,0.026491106,101,2017_7fxfXl6kiL5nIBCWaIbRjg_0.jpg,51.481003,-0.116289,a long road with some cars parked on the side of it;a road with cars parked on the side of it;a long line of cars parked on the side of the road;a long road with some cars parked on the side;a long line of cars parked on the side of a road
2017_ZB5z4VXavPxLdmtVI3GESA,0.50962365,0.040908515,0.021270186,0.15952179,0.019144714,0.03526163,0.099033296,0.013019502,0.13432246,0.038016498,101,2017_ZB5z4VXavPxLdmtVI3GESA_0.jpg,51.521003,-0.096289,a view of a train track from a distance;a view of an empty street from the side;a view of a street with a train on it;a view of a city street with a train on it;a view of an empty street from the side of a building
2017_HbYRLj7dtltH3hC5Y6ou-w,0.67864275,0.03899449,0.032654524,0.05234319,0.009328812,0.017052889,0.090102434,0.012283534,0.043799877,0.016999334,101,2017_HbYRLj7dtltH3hC5Y6ou-w_0.jpg,51.461003,-0.176289,a car driving down a street next to houses;a car driving down a road next to houses;a car driving down a street next to some houses;a car driving down a street next to some buildings;a car driving down a street next to a building
2017_y3bsmtkcAN0JdQRbQEVTQg,0.68057024,0.051009387,0.052105874,0.046992242,0.012581646,0.019231647,0.07963386,0.016349584,0.044898003,0.0172728,101,2017_y3bsmtkcAN0JdQRbQEVTQg_0.jpg,51.471003,-0.106289,a car driving down a street past tall buildings;a car parked on the side of a street;a car parked on the side of the road;a car is parked on the side of the street;a car is parked on the side of the road
2017_f1YPL_Eoj3Tk7YwrBdd6Zw,0.6183337,0.043203115,0.027123898,0.08782619,0.014064223,0.024675667,0.08095941,0.012228131,0.07681784,0.023085594,101,2017_f1YPL_Eoj3Tk7YwrBdd6Zw_0.jpg,51.541003,-0.046289,a road with a few cars driving down it;a view of a street from the street;a view of a street from a car window;a view of a street from the road;a view of a street from a window of a building
2017_qP8jKv-BwK2Te2uuZVcE6w,0.6748935,0.046716273,0.038093656,0.05685374,0.012256265,0.02081728,0.08082533,0.014441252,0.04798922,0.017252445,101,2017_qP8jKv-BwK2Te2uuZVcE6w_0.jpg,51.461003,-0.186289,a car parked on the side of the road;a car parked on the side of a road;a car parked on the side of the street;a car parked on the side of a road near trees;a car parked on the side of a road near a bridge
2017_NinYFX0A-kYIGrIrHzW-zA,0.58063644,0.027133971,0.017627776,0.09050396,0.00819847,0.01746896,0.13679036,0.008815378,0.056188732,0.023045212,101,2017_NinYFX0A-kYIGrIrHzW-zA_0.jpg,51.551003,-0.176289,a car driving down a street next to a forest;a car driving down a street next to trees;a car driving down a street next to a building;a car driving down a street next to a tall building;a car driving down a street next to a sidewalk
2017_LCPG-JixzUvRD8nnGxb6bA,0.6383593,0.030403286,0.021278441,0.06844279,0.007994473,0.016166508,0.0960902,0.00897193,0.05135578,0.018199503,101,2017_LCPG-JixzUvRD8nnGxb6bA_0.jpg,51.541003,-0.116289,a white building sitting on the corner of a street;a large white building sitting on the side of a street;a white building sitting on the side of a road;a large white building sitting on the corner of a street;a white building sitting on the side of a street
2017_nm-bwMVdG5ClKpwntq_pbQ,0.5971191,0.030271739,0.018685222,0.087334394,0.009107053,0.01815921,0.09732592,0.008033782,0.070943534,0.021220863,101,2017_nm-bwMVdG5ClKpwntq_pbQ_0.jpg,51.501003,-0.046289,a large building with a lot of windows;a building that has a large building in front of it;a large building with a lot of windows on it;a building that has a large building in the middle;a large building with a lot of windows on the side
2017_UelVvf24d6-OkpuQD-VKew,0.42361906,0.026078314,0.016686827,0.168367,0.010748684,0.021108478,0.15012413,0.008120924,0.107757986,0.033464253,101,2017_UelVvf24d6-OkpuQD-VKew_0.jpg,51.531003,-0.146289,a road with a car driving down the road;an empty road with a car driving down it;a road with a car driving on the road;an empty road with a car driving down the road;a long road with a car driving down it
2017_hJxgWjYwDnLz56SVsGYTog,0.5125537,0.030541182,0.016086817,0.14860994,0.012396693,0.025371522,0.1216577,0.009050339,0.10585797,0.028623015,101,2017_hJxgWjYwDnLz56SVsGYTog_0.jpg,51.551003,-0.186289,a long road with houses on each side;a view of a street with houses and parked cars;a view of a street with a car parked on the side;a view of a street with a car parked on it;a view of a street with a car parked on the side of it
2017_jjLo78rXH0tqK6LuSU7n7w,0.66013205,0.037714034,0.026722103,0.0640209,0.00996843,0.01918611,0.08555007,0.010884285,0.05255285,0.0178774,101,2017_jjLo78rXH0tqK6LuSU7n7w_0.jpg,51.551003,-0.196289,a car driving down a street next to houses;a car driving down a street past some houses;a view of a street from a car window;a car driving down a street next to a building;a car driving down a street next to buildings
2017_89l7nCxJv_e6qKCyiRkUxQ,0.64345837,0.031606495,0.025999188,0.06058067,0.008091778,0.014862865,0.09436068,0.008972198,0.05016762,0.017268479,101,2017_89l7nCxJv_e6qKCyiRkUxQ_0.jpg,51.551003,-0.116289,a street with a building in the background;a city street with tall buildings in the background;a street with a building in the middle;a street with a building in the middle of it;a street with a building in the middle of the street
2017_uT8WzBUjJd4Ur-FkCQD77Q,0.6690203,0.058599025,0.07153839,0.04912588,0.015645057,0.021238238,0.07777274,0.019304782,0.050057262,0.019381076,101,2017_uT8WzBUjJd4Ur-FkCQD77Q_0.jpg,51.491003,-0.146289,a group of cars parked in front of a tall building;a group of cars parked on the side of a road;a group of cars parked on the side of a street;a group of cars parked on the side of the road;a line of cars parked on the side of a street
2017_CBK-gXykMy9KFLrRUUkCMA,0.67465645,0.050476044,0.042939216,0.05822155,0.013622403,0.02228272,0.076242596,0.015335918,0.051314533,0.01780644,101,2017_CBK-gXykMy9KFLrRUUkCMA_0.jpg,51.471003,-0.046289,a street with cars parked on the side;a street with parked cars on the side of it;a street with cars parked along side of the road;a street with parked cars on the side of the road;a street with parked cars on the side of the street
2017_VMMSJULahMypjMXeJSjCzA,0.46347013,0.023036063,0.022150993,0.12450123,0.008762181,0.016223222,0.24143684,0.008333653,0.059801668,0.031891346,502,2017_VMMSJULahMypjMXeJSjCzA_0.jpg,51.501003,-0.206289,a long empty street surrounded by a fence;a long empty street surrounded by green trees;a long empty street surrounded by trees;a long empty street surrounded by a forest;a long road with a long line of trees
2017_fiCeYTvobAEhRNTtOctv0Q,0.6806492,0.049442172,0.06057176,0.04183829,0.012236983,0.017195523,0.08911672,0.017921537,0.0428496,0.018413842,101,2017_fiCeYTvobAEhRNTtOctv0Q_0.jpg,51.461003,-0.216289,a car driving down a street next to tall buildings;a car driving down a street past tall buildings;a car driving down a street next to buildings;a view of a street from inside a car window;a car driving down a street next to a tall building
2017_90y1kR31h3ReopyiOlDYDA,0.6214881,0.031160355,0.020394564,0.084129244,0.009542942,0.019037783,0.092051476,0.00942272,0.05850494,0.020314336,101,2017_90y1kR31h3ReopyiOlDYDA_0.jpg,51.551003,-0.076289,a sign that is on the side of a road;a sign that is on the side of a building;a sign that is on the side of a street;a sign that is on the side of the road;a view of a street from the side of a road
2017_EAjY0wKiQ5YMfdVEj9KEOA,0.5785677,0.028012723,0.019371212,0.09632751,0.008873373,0.017597556,0.10295743,0.007636935,0.07354924,0.02208519,101,2017_EAjY0wKiQ5YMfdVEj9KEOA_0.jpg,51.501003,-0.096289,a view of a building from a window;a view of a building from the side;a view of a building from the side of a road;a view of a building from the side of the street;a view of a building from the side of the road
2017_9eKcko8G1ONYdiP2QlO2jA,0.6329944,0.03388232,0.020710707,0.07978225,0.009740979,0.01980573,0.089250535,0.0094648,0.06187442,0.019333571,101,2017_9eKcko8G1ONYdiP2QlO2jA_0.jpg,51.511003,-0.056289,an empty street with no cars on it;a view of a city street from across the street;a view of a street from the side of the road;a view of a street from the side of a road;a view of a street from the side of the street
2017_GDxD5sGI3L6OoesjvHEYqg,0.67529166,0.048189282,0.054190665,0.046783507,0.012064874,0.018156588,0.082199305,0.015326977,0.045413136,0.016934276,101,2017_GDxD5sGI3L6OoesjvHEYqg_0.jpg,51.491003,-0.086289,a view of a city street from the side of the street;a view of a city street from a street;a view of a city street from the street;a view of a city street from the side of the road;a view of a city street from the side of a road
2017_MqneYIGby59NIaUfmK20_g,0.63597757,0.032633573,0.028580964,0.05981931,0.008393109,0.015346587,0.09331468,0.009953052,0.050854802,0.018551707,101,2017_MqneYIGby59NIaUfmK20_g_0.jpg,51.531003,-0.216289,a view of a street from the sidewalk;a view of a street from a distance;a view of a street from the street;a city street with buildings and cars parked on the side;a city street with buildings and cars parked on it
2017_CwV-m1xrnUK6hedAcNDRLQ,0.60823554,0.032907575,0.020579249,0.09163791,0.010506719,0.020311177,0.08437431,0.009395719,0.06824657,0.02146241,101,2017_CwV-m1xrnUK6hedAcNDRLQ_0.jpg,51.551003,-0.086289,a bus parked on the side of the road;a bus parked in front of a tall building;a bus parked on the side of the street;a bus parked on the side of a street;a bus parked on the side of a road
2017_s7-cOWBkfxF6F2vGhOUerw,0.63358945,0.03732726,0.02408883,0.08598992,0.012248576,0.02242732,0.08354697,0.011650533,0.06264785,0.02120629,101,2017_s7-cOWBkfxF6F2vGhOUerw_0.jpg,51.541003,-0.086289,a truck parked on the side of the road;a truck parked on the side of a road;a truck parked on the side of the road near trees;a truck parked on the side of a road near trees;a truck parked on the side of the road near a fence
2017_Wd3Asi0ZLDlIH8WZDURkKg,0.6701345,0.039666742,0.036464274,0.04558021,0.009399235,0.015896767,0.089966655,0.012555182,0.041332334,0.015884548,101,2017_Wd3Asi0ZLDlIH8WZDURkKg_0.jpg,51.461003,-0.196289,a group of cars parked on the side of a road;a group of cars parked on the side of the road;a group of cars driving down a street;a street with cars parked on the side of the road;a group of cars parked on the side of a street
2017_biExSl6GWs_WwN9YEvhLbw,0.65792036,0.059755385,0.066246,0.056981206,0.016128033,0.021909058,0.07410166,0.018552959,0.055339187,0.020511061,101,2017_biExSl6GWs_WwN9YEvhLbw_0.jpg,51.501003,-0.196289,a group of cars driving down a street;a highway with cars parked on the side of it;a group of cars parked on the side of a road;a group of cars parked on the side of the road;a group of cars parked on the side of a street
2017_J-sw9FpAdbKcuwGyV1tO9Q,0.5998955,0.041046113,0.02562946,0.098831534,0.014632911,0.025819331,0.0805282,0.012646288,0.08273727,0.025535047,101,2017_J-sw9FpAdbKcuwGyV1tO9Q_0.jpg,51.471003,-0.036289,a yellow school bus driving down a street;a bus driving down a street next to a tall building;a yellow bus driving down a street past tall buildings;a yellow bus driving down a street next to houses;a yellow bus driving down a street next to tall buildings
2017_qJeKQbs1IB0JE37GvTj9Pw,0.6342919,0.04924777,0.083334684,0.036567986,0.013548255,0.0169079,0.13035935,0.020754784,0.038895816,0.023295939,101,2017_qJeKQbs1IB0JE37GvTj9Pw_0.jpg,51.511003,-0.136289,a city street with people walking on the sidewalk;a city street with people walking down the street;a city street with people walking down it;a city street with people walking down the sidewalk;a city street with people walking down it and buildings
2017_1w6zYnRFk8xQv2XHWwxvSw,0.61811554,0.02762404,0.028213322,0.05419147,0.007197529,0.013056248,0.14035562,0.009203315,0.041670054,0.018678516,101,2017_1w6zYnRFk8xQv2XHWwxvSw_0.jpg,51.551003,-0.096289,a large brick building with a fence in front of it;a red brick building with a green fence;a large brick building with a fenced in area;a large brick building with a fence on the side;a large brick building with a fence on the side of it
2017_KohZ0_8w12P_HLv46Q2zrw,0.6570896,0.03702873,0.028151602,0.0673497,0.010178179,0.019429028,0.08172718,0.010740936,0.053681046,0.017737001,101,2017_KohZ0_8w12P_HLv46Q2zrw_0.jpg,51.471003,-0.116289,a empty street with houses on each side;a empty street with houses on both sides;an empty street with a few cars parked on it;a empty street with a car parked on the side;a empty street with a car parked on the side of it
2017_7wcY-zIZNMHLck3JHi244Q,0.60506165,0.037353426,0.022701323,0.08805016,0.011981905,0.022353709,0.08857307,0.010033608,0.077046394,0.0224199,101,2017_7wcY-zIZNMHLck3JHi244Q_0.jpg,51.551003,-0.126289,a view of a street from a car window;a view of a city street from a vehicle;a view of a city street from a car;a view of a street from the side of a building;a view of a street from the side of a red brick building
2017_IqEVA6GpWw6ErQ-vSuEJvQ,0.48972136,0.0250189,0.015825272,0.14947519,0.009274095,0.018667787,0.14790514,0.00767684,0.07858938,0.027944744,101,2017_IqEVA6GpWw6ErQ-vSuEJvQ_0.jpg,51.551003,-0.216289,a car parked on the side of the road;a car driving down a road next to a tree;a car parked on the side of a road;a car parked on the side of a road near a tree;a blue car driving down a street next to a tree
2017_CfxPJpytYOYvOOqi1HQWHg,0.6492491,0.03891489,0.033020526,0.064679235,0.010638595,0.01853472,0.076574594,0.011305213,0.05469042,0.018254757,101,2017_CfxPJpytYOYvOOqi1HQWHg_0.jpg,51.531003,-0.186289,a car driving down a street next to a tall building;a view of a street from a car window;a view of a city street with cars and buildings;a view of a city street with cars and buildings in the background;a view of a street from a car of buildings
2017_oeKeKDN2aKAlFCfE60VCOA,0.6748458,0.054278225,0.05958399,0.04890451,0.013896376,0.020394892,0.07792172,0.017151445,0.048422158,0.01783225,101,2017_oeKeKDN2aKAlFCfE60VCOA_0.jpg,51.461003,-0.076289,a row of parked cars on a city street;a group of cars parked on the side of a street;a row of parked cars in front of a house;a group of cars parked in front of a house;a group of cars parked on the side of the road
2017_Wu_yDmOlZ3wTQ12_0A6G-w,0.6863698,0.045028538,0.044822514,0.046329647,0.011058658,0.01743552,0.08239564,0.014698744,0.04308656,0.016659826,101,2017_Wu_yDmOlZ3wTQ12_0A6G-w_0.jpg,51.551003,-0.056289,a red brick building in the middle of the street;a red brick building in the middle of a street;a red brick building in the middle of a park;a red brick building with a red roof and a red building;a red brick building with a red roof and a red house
2017_KOvlFPthpsOwQtSdKgWdkg,0.5505551,0.025129944,0.015828341,0.099329114,0.008386999,0.017462313,0.14034662,0.008400142,0.06171888,0.024225235,101,2017_KOvlFPthpsOwQtSdKgWdkg_0.jpg,51.461003,-0.146289,a police car parked in front of a truck;a police car parked in front of another car;a police car parked in front of a white truck;a white van parked in front of a white truck;a car parked in a parking lot next to a white truck
2017_Q1gN9nd3s522a0jR8KcaNw,0.62440664,0.03753531,0.022536904,0.08705801,0.011842907,0.022594452,0.08476746,0.010703892,0.06910151,0.021298379,101,2017_Q1gN9nd3s522a0jR8KcaNw_0.jpg,51.461003,-0.036289,a long street with houses on both sides;a long street with a long line of houses;a long street with a long line of houses on each side;a long road with a long line of houses on it;a long street with a long line of houses on it
2017_lZvAgOuL1U0ygFgPkg_ouw,0.6416308,0.043473184,0.02992931,0.07355046,0.012868047,0.022720158,0.07919553,0.012243032,0.06443089,0.020231634,101,2017_lZvAgOuL1U0ygFgPkg_ouw_0.jpg,51.491003,-0.176289,a group of cars parked on the side of the road;a group of cars parked in front of a building;a group of cars parked in front of a large building;a group of cars parked on the side of a road;a group of cars driving down a street
2017_Lbnl_RQPQdIa6vgTX1lKAA,0.6761857,0.04779327,0.045768857,0.052578658,0.012300104,0.019649029,0.075401485,0.014633179,0.048128963,0.01736024,101,2017_Lbnl_RQPQdIa6vgTX1lKAA_0.jpg,51.521003,-0.146289,a city street with parked cars and a bus;a car parked on the side of the road;a car parked on the side of a street;a car parked on the side of the street;a city street with a car parked on the side
2017_ruEgRb6AgJYfM7zvA3fz3Q,0.68516254,0.045525312,0.03972462,0.050965965,0.011388153,0.019064486,0.08054784,0.014017373,0.04614979,0.01691851,101,2017_ruEgRb6AgJYfM7zvA3fz3Q_0.jpg,51.521003,-0.206289,a street with cars parked on the side of it;a street with a few cars parked on the side of the road;a street with cars parked on the side of the road;a street with a few cars parked on the side of it;a street with a few cars parked on the road
2017_rWOIa6MbJAauyrx96hmvYQ,0.40600145,0.02385363,0.01970917,0.17322975,0.00975275,0.019213825,0.22034115,0.008410692,0.06761438,0.036080778,502,2017_rWOIa6MbJAauyrx96hmvYQ_0.jpg,51.541003,-0.166289,a red brick house sitting on the side of a road;a red brick house sitting on the side of a street;a red brick house sitting next to a tree;a view of a house from the street;a red brick house sitting next to a forest
2017_zpYX5mV5_aEB3F-Ls_u-Ew,0.6823029,0.055467337,0.061776817,0.046066076,0.014007479,0.01976347,0.08171272,0.018404603,0.046203703,0.017740697,101,2017_zpYX5mV5_aEB3F-Ls_u-Ew_0.jpg,51.491003,-0.186289,a group of cars parked on a city street;a group of cars parked on the side of a street;a group of cars parked on the side of the road;a group of cars parked on the side of the street;a group of cars parked on the street
2017_8V4NVtkLeQmXYAGd40XN7w,0.569399,0.05338013,0.110434115,0.040521175,0.017511547,0.01837638,0.20522398,0.024182826,0.04097429,0.030841887,502,2017_8V4NVtkLeQmXYAGd40XN7w_0.jpg,51.521003,-0.056289,a group of people walking down a street;a group of people walking down a sidewalk;a group of people walking down a sidewalk near buildings;a group of people walking down a street next to buildings;a group of people walking down a sidewalk near tall buildings
2017_ZZ6C5YKcbNTnPjO3GQw4Fw,0.5097624,0.022185028,0.016770422,0.106506824,0.007348687,0.015711576,0.1727468,0.007480413,0.061144143,0.025998443,101,2017_ZZ6C5YKcbNTnPjO3GQw4Fw_0.jpg,51.461003,-0.236289,a view of a tree lined road from a yard;a view of a street with trees and a building;a view of a tree lined street from the sidewalk;a view of a tree lined street from the side of the road;a view of a tree lined street from the side
2017_vZNpOB0cpk4XHmB3UTk_Hg,0.58447266,0.032278985,0.018627733,0.097447574,0.010112584,0.020830125,0.09751049,0.008851826,0.07645288,0.022998452,101,2017_vZNpOB0cpk4XHmB3UTk_Hg_0.jpg,51.551003,-0.146289,an empty street with no cars on it;an empty street with no cars on the road;a empty road with a few trees on each side;a empty road with a few trees on the side;a empty road with a few trees on the side of it
2017_eGpDChbzFVlsB_B-ra_RlQ,0.66864395,0.04206264,0.031464517,0.059996784,0.011112571,0.020229667,0.08257604,0.012424439,0.049897164,0.01750955,101,2017_eGpDChbzFVlsB_B-ra_RlQ_0.jpg,51.491003,-0.066289,a road that has a few cars parked on it;a road with a few cars parked on it;a road that has a few cars on it;a road with a few cars parked on the side;a road with a few cars parked on the side of it
2017_OMQvCszoEbUxmvMrQx2BBA,0.6116466,0.040473133,0.037531883,0.07664338,0.011772692,0.01810366,0.08365357,0.011111259,0.068063706,0.021706015,101,2017_OMQvCszoEbUxmvMrQx2BBA_0.jpg,51.521003,-0.076289,a large room with a building in it;a large room with a large building in it;a large building with a door on the outside of it;a large building with a door on the outside;a large room with a large building in the background
2017_pHoYHdubOTpI9C0ZOVYk7A,0.5696492,0.035689086,0.022635758,0.11174804,0.012355626,0.021876872,0.08761686,0.010164648,0.091994435,0.026054442,101,2017_pHoYHdubOTpI9C0ZOVYk7A_0.jpg,51.511003,-0.076289,a white truck driving down a city street;a white van driving down a street next to tall buildings;a white van driving down a city street;a white truck driving down a street next to tall buildings;a white van driving down a street past tall buildings
2017_eLVWBgBUfbq3TPo1WakBcA,0.68463594,0.0460169,0.041674554,0.05162984,0.011504591,0.019147307,0.077495515,0.014278144,0.04584849,0.016794533,101,2017_eLVWBgBUfbq3TPo1WakBcA_0.jpg,51.501003,-0.156289,a street with a few cars parked on it;a street with a few cars parked on the side of the road;a street with a few cars parked on the side of it;a street with a few cars parked on the side;a street with a few cars parked on the side of the street
2017_Hx3MaPKNOP18BwMJvh4Z1g,0.61289924,0.037823826,0.03395149,0.069072306,0.010161221,0.017253011,0.08277273,0.010353357,0.0578067,0.019381821,101,2017_Hx3MaPKNOP18BwMJvh4Z1g_0.jpg,51.521003,-0.116289,a city street with tall buildings under a cloudy sky;a city street with tall buildings and a cloudy sky;a city street with tall buildings under a cloudy blue sky;a view of a city street from a distance;a view of a city street from the side of the road
2017_gZ3r8u0iiq5v6f2ZCaD9-w,0.66642165,0.047636062,0.05159849,0.052162826,0.012149096,0.018922985,0.07690346,0.014544845,0.048859835,0.01779309,101,2017_gZ3r8u0iiq5v6f2ZCaD9-w_0.jpg,51.521003,-0.106289,a car driving down a street next to tall buildings;a car driving down a street past tall buildings;a car driving down a road next to tall buildings;a car driving down a city street next to tall buildings;a car driving down a street next to buildings
2017_BdIQczbQ_sKXkJtbGi9vHw,0.6446344,0.04470399,0.03016463,0.08133191,0.014298946,0.024213403,0.07672921,0.013702959,0.065804124,0.021152437,101,2017_BdIQczbQ_sKXkJtbGi9vHw_0.jpg,51.471003,-0.136289,a truck parked on the side of the road;a truck parked on the side of a street;a truck parked on the side of a road;a truck parked on the side of the street;a truck parked on the side of a city street
2017_G2yxpo5-CRRPkYhw6hFrYA,0.37680292,0.022596806,0.022949845,0.16517124,0.009825379,0.016473204,0.2247839,0.008303344,0.07246733,0.037092716,502,2017_G2yxpo5-CRRPkYhw6hFrYA_0.jpg,51.541003,-0.146289,a brick wall with a brick wall and trees in the background;a brick wall that has a brick wall;a brick wall with a brick wall and trees;a brick wall with a brick wall and a brick wall;a brick wall with a brick wall and a stone bench
2017_hfteH0-yOdtalk4HgvjEjQ,0.6713283,0.039418995,0.029790461,0.059348315,0.010349691,0.018910915,0.08309266,0.012086123,0.04853481,0.017071009,101,2017_hfteH0-yOdtalk4HgvjEjQ_0.jpg,51.541003,-0.246289,a group of cars parked in front of some houses;a group of cars parked on the side of a road;a group of cars parked in front of a row of houses;cars parked on the side of the road in front of some houses;cars parked on the side of the road in front of a house
2017_IzSnuL5Uueq7P1iGMJN_hg,0.618208,0.037376523,0.02228874,0.09201428,0.011501223,0.022572279,0.08363891,0.010109574,0.07102111,0.021543682,101,2017_IzSnuL5Uueq7P1iGMJN_hg_0.jpg,51.471003,-0.056289,a road that has some cars on it;a road that has some cars parked on it;a car driving down a road next to a forest;a road with a car parked on the side;a road with a car parked on it
2017_rRWQ53I65JMQuqm1TcTo3g,0.6803972,0.0494332,0.052861303,0.0487974,0.012143135,0.01874715,0.07770085,0.015544742,0.046384126,0.01703751,101,2017_rRWQ53I65JMQuqm1TcTo3g_0.jpg,51.501003,-0.076289,a blue car driving down a street next to tall buildings;a blue car driving down a city street;a city street with parked cars and buildings;a city street with parked cars and a bus;a long line of cars parked on the street
2017_9PNFRGSLVxJv8zdfBrLlVw,0.5741768,0.033566713,0.020203948,0.111083746,0.011834472,0.021709561,0.08737859,0.009602457,0.085404634,0.024942487,101,2017_9PNFRGSLVxJv8zdfBrLlVw_0.jpg,51.501003,-0.086289,a car driving down a street next to buildings;a car driving down a street next to tall buildings;a car driving down a street next to a building;a wet parking lot with a red car driving by;a car driving down a street next to a street
2017_n_-yGBiUgZh6xM-H4R_hSg,0.68525803,0.044729352,0.04104498,0.04611817,0.01060155,0.017377615,0.085237205,0.014119118,0.04273081,0.016227275,101,2017_n_-yGBiUgZh6xM-H4R_hSg_0.jpg,51.541003,-0.056289,a view of a street from a car window;a car driving down a road next to tall buildings;a car driving down a road next to a building;a car driving down a road next to buildings;a car driving down a road next to a tall building
2017_jr72q_C7_xSOS1gxXlQ28g,0.41899464,0.030519038,0.04216823,0.10252762,0.011692464,0.018039852,0.33828923,0.012095183,0.047405243,0.039254844,502,2017_jr72q_C7_xSOS1gxXlQ28g_0.jpg,51.551003,-0.136289,a person walking down a sidewalk near a building;a person walking down a sidewalk near a fence;a person is walking down a sidewalk near a building;a person is walking down the sidewalk on a sunny day;a person is walking down a sidewalk near a fence
2017_rQfQOMakYp_kTXYTwcn2Zg,0.64865756,0.046539485,0.047139257,0.061568797,0.012797475,0.020167291,0.07477048,0.014126509,0.05456543,0.018899411,101,2017_rQfQOMakYp_kTXYTwcn2Zg_0.jpg,51.491003,-0.196289,a city street filled with traffic next to tall buildings;a city street filled with traffic and tall buildings;a group of cars driving down a street next to tall buildings;a group of cars parked on the side of the road;a group of cars parked on the side of a road
2017_ScMR5bzLCQxYmNCFNC7uVw,0.6564023,0.047562987,0.052695513,0.05255279,0.012032658,0.018953472,0.07817218,0.014073253,0.048614293,0.01837638,101,2017_ScMR5bzLCQxYmNCFNC7uVw_0.jpg,51.511003,-0.156289,a person riding a bike on a city street;a person on a bike on a city street;a man riding a bike down the middle of a street;a man riding a bike down a street next to cars;a man riding a bike down a street next to parked cars
2017_t8p20UIFlPdcl3MMHmVHfg,0.44782275,0.043153614,0.02201435,0.1922585,0.023794323,0.04436183,0.11524746,0.014846087,0.16745478,0.047853976,101,2017_t8p20UIFlPdcl3MMHmVHfg_0.jpg,51.461003,-0.166289,a train on a track near many houses;a train on a track near many buildings;a train on a track near a building;a train on a track near buildings and trees;a train on a track near buildings on a street
2017_l9TLtfdCihbtlAo0gXJuTg,0.6039502,0.049872547,0.029170036,0.105647296,0.019382805,0.030327529,0.08188358,0.015467852,0.105139345,0.029160827,101,2017_l9TLtfdCihbtlAo0gXJuTg_0.jpg,51.501003,-0.226289,a street with cars parked on the side of it;a street with cars parked on the side of the road;a street with cars parked on the side of the street;a row of houses with cars parked in front of a building;a street with cars parked on the side of the street and buildings in the background
2017_TTFCuAvKNSNuT43JHwnjMg,0.63903743,0.033227295,0.030148685,0.051135182,0.008552551,0.015031785,0.1049687,0.010540664,0.042190343,0.017816335,101,2017_TTFCuAvKNSNuT43JHwnjMg_0.jpg,51.481003,-0.166289,a view of a city street from a window;a view of a city street from the sidewalk;a view of a street with a building and trees;a view of a city street from the side of the road;a view of a city street from the other side
2017__K786ExU3HJvmJZQd4WYqA,0.64999616,0.042833,0.03851247,0.06541681,0.012007088,0.020010233,0.07338044,0.012302697,0.058882266,0.018834263,101,2017__K786ExU3HJvmJZQd4WYqA_0.jpg,51.501003,-0.116289,a red car driving down a city street;a red car driving down a street next to tall buildings;a red car driving past a tall building;a red car is driving down a city street;a red car driving down a street next to buildings
2017_R3aU8Y0Xu9aJ8P58jpgylA,0.6455798,0.02977711,0.024065822,0.061030924,0.007689387,0.015128672,0.09940395,0.008730918,0.048490345,0.017740041,101,2017_R3aU8Y0Xu9aJ8P58jpgylA_0.jpg,51.531003,-0.076289,a large brick building with a green fence;a brick wall with a large brick building;a large brick building with a large brick building;a brick wall with a large brick building in the background;a brick wall with a large brick building in the distance
2017_8xjVgmXmB9bX2FjliukDVw,0.6520338,0.047694802,0.045801193,0.06921986,0.014044613,0.02144429,0.07009825,0.014335156,0.06248218,0.020281821,101,2017_8xjVgmXmB9bX2FjliukDVw_0.jpg,51.481003,-0.176289,a white truck driving down a city street;a white truck driving down a road next to tall buildings;a white truck driving down a street next to tall buildings;a white truck driving down a street past tall buildings;a street with a white truck driving down it
2017_dMocS7X7itY0LYGJs7Ty_g,0.47689712,0.021505535,0.017532289,0.13184088,0.008054435,0.016172826,0.1927,0.007201791,0.06720778,0.028585672,101,2017_dMocS7X7itY0LYGJs7Ty_g_0.jpg,51.491003,-0.216289,a view of a city street from the side of the road;an empty street with no cars on it;a view of a city street from the side;a long road with a long line of buildings;a view of a city street from the sidewalk
2017_NK7rSbkJb8Zh7scMgLMYvA,0.362821,0.025903791,0.029488564,0.15922394,0.010899425,0.01806733,0.25920305,0.01031363,0.0642513,0.042420477,502,2017_NK7rSbkJb8Zh7scMgLMYvA_0.jpg,51.511003,-0.176289,a group of people sitting on a park bench;a group of people sitting on top of a bench;a group of people sitting on a bench in a park;a group of people sitting on top of a cement bench;a group of people sitting on top of a bench in a park
2017_7CYSBWt_i6I-zyc3QAdAjg,0.6586646,0.05018118,0.058674276,0.05101767,0.012964428,0.019188374,0.079803556,0.015334904,0.049173087,0.017829806,101,2017_7CYSBWt_i6I-zyc3QAdAjg_0.jpg,51.541003,-0.106289,a view of a city street from the street;a view of a city street from the sidewalk;a view of a city street from an empty street;a view of an empty street with a building behind it;a view of a city street from the side of the road
2017_wmtVfP2l0FiTSz49yKhShA,0.651177,0.06135845,0.089048624,0.057213217,0.017656356,0.021320283,0.07946816,0.020825744,0.055671275,0.022916406,101,2017_wmtVfP2l0FiTSz49yKhShA_0.jpg,51.461003,-0.116289,a city street filled with lots of traffic;a city street filled with traffic next to tall buildings;a city street filled with lots of traffic and tall buildings;a city street filled with lots of traffic on a cloudy day;a city street filled with lots of traffic and buildings
2017_7rxQMZF1bO7PPwWkKKbx0Q,0.6779308,0.045009166,0.036390632,0.0572913,0.011742413,0.020121902,0.07972747,0.013638139,0.04855284,0.016913414,101,2017_7rxQMZF1bO7PPwWkKKbx0Q_0.jpg,51.471003,-0.166289,a street with cars parked on the side of the road;a street with cars parked on the side;a view of a street from the side of a road;a view of a street from the side of the road;a view of a street from the side of a street
2017_ls-ZDilZd_Hgq5O_oPURSw,0.68731856,0.042322397,0.038087755,0.046089232,0.010050803,0.017028958,0.09198037,0.014090061,0.040693432,0.016241431,101,2017_ls-ZDilZd_Hgq5O_oPURSw_0.jpg,51.511003,-0.216289,a car parked on the side of the road;a car parked on the side of a street;a car parked on the side of the street;a street with cars parked on the side of the road;a car driving down a street next to a building
2017_qVHrIzIlRA9PKJuxH3gOKA,0.63326746,0.04724759,0.05479774,0.059587955,0.012694806,0.018194616,0.08344656,0.013722658,0.056665927,0.01987788,101,2017_qVHrIzIlRA9PKJuxH3gOKA_0.jpg,51.511003,-0.086289,a view of a city street from the side;a view of a city street with a train on it;a view of a city street with a train passing by;a view of a city street from the side of a building;a view of a city street with a train passing through
2017_Vph2XFm-QqYvd_e1eNcVrw,0.61237526,0.032893956,0.026394516,0.069154024,0.009267747,0.017066032,0.09690893,0.009272307,0.0551185,0.019450754,101,2017_Vph2XFm-QqYvd_e1eNcVrw_0.jpg,51.521003,-0.126289,a person is riding a bike down the street;a person is riding a bike down a street;a person is riding a bike down the road;a person is riding a bike down a road;a person is riding a bike on a road
2017_vuI2Q1PxOsM65-G84uaNvg,0.557698,0.044944584,0.0241822,0.1180141,0.016669005,0.029126137,0.08914247,0.012656689,0.11189461,0.031074882,101,2017_vuI2Q1PxOsM65-G84uaNvg_0.jpg,51.551003,-0.066289,a view of a street from the side of the road;a view of a street from a car window;a view of a street with cars driving on it;a view of a city street with cars driving down it;a view of a street from the side of a road
2017_Nt3mI_l3ud9TjMx2pvCHmw,0.47959828,0.04145822,0.021930426,0.16224232,0.017941713,0.032095164,0.096776366,0.012710154,0.14595911,0.03721875,101,2017_Nt3mI_l3ud9TjMx2pvCHmw_0.jpg,51.521003,-0.196289,a view of a city from a road;a view of a city street from a distance;a view of a city from a train;a view of a city street from a train;a view of a city street from a train station
2017_dEz7cG07NPDG8pVYgr45Wg,0.4280359,0.035056025,0.018913299,0.21150753,0.017281681,0.03129226,0.11237115,0.011576086,0.14875975,0.041756272,301,2017_dEz7cG07NPDG8pVYgr45Wg_0.jpg,51.461003,-0.206289,a parking lot with a fence and trees;a street corner with a fence and trees;a parking lot with a fence in the background;a parking lot with a fence and trees in the background;a parking lot with a fence and trees on each side
2017_RzVeZlwbIetlJPn9bQafZw,0.64267087,0.034788936,0.033821076,0.048657924,0.008212656,0.014425695,0.11760834,0.011194229,0.040267438,0.017307222,101,2017_RzVeZlwbIetlJPn9bQafZw_0.jpg,51.531003,-0.066289,a dog walking down a sidewalk next to a building;a dog walking down a sidewalk near a building;a long haired dog walking down a sidewalk;a long haired dog walking down a city street;a dog walking down a sidewalk next to buildings
2017_50oDXpln-YlzqvVucL-pKw,0.54794466,0.030728221,0.038172573,0.064276665,0.009289235,0.014887065,0.26457047,0.011162549,0.041035056,0.026517808,502,2017_50oDXpln-YlzqvVucL-pKw_0.jpg,51.491003,-0.106289,a view of a street from the street;a view of a street from the side of the road;a view of a street from the side of a road;a view of a street from the side of it;a view of a street from the side of the street
2017_6A9d27DHzyF8oXrgZrG18w,0.533477,0.023735136,0.0164015,0.099185675,0.00753212,0.016301543,0.15537924,0.007706255,0.057067752,0.024370939,101,2017_6A9d27DHzyF8oXrgZrG18w_0.jpg,51.471003,-0.226289,a tree that is next to some trees;a tree that is next to a road;a tree that is next to a dirt road;a view of a road with a forest in the background;a view of a forest from the side of a road
2017_8BRWMpsfpr2Pgttyao0GXQ,0.6422441,0.03002888,0.025125027,0.05661285,0.007537514,0.014608651,0.10268462,0.009109199,0.045123816,0.017519355,101,2017_8BRWMpsfpr2Pgttyao0GXQ_0.jpg,51.491003,-0.056289,a person standing on the side of a road;a person standing on the side of the road;a person standing on the corner of a street;a person standing on the side of a street;a person standing on the side of a road next to a building
2017_aKk6OIPc8qybxeDKPApZgA,0.68608963,0.05036339,0.052671134,0.04750052,0.012706757,0.018808305,0.07927081,0.016387671,0.045913547,0.016950488,101,2017_aKk6OIPc8qybxeDKPApZgA_0.jpg,51.541003,-0.066289,a row of houses on a city street;a row of houses on a street corner;a row of houses on a street with a fence;a row of houses on a street corner with a fence;a row of houses on a street with a fence in the background
2017_5CyXAoQDWcU0LYHBoZ0seg,0.55097514,0.025002718,0.016405791,0.09418863,0.008081853,0.016813993,0.15041941,0.008095354,0.061044455,0.02394846,101,2017_5CyXAoQDWcU0LYHBoZ0seg_0.jpg,51.461003,-0.156289,a view of a street from a car window;a view of a city street from a distance;a car driving down a road next to a field;a car driving down a road next to a lush green field;a view of a city street from the side of the road
2017_CElEFeLsvf8Y7yGWOqemnQ,0.60066736,0.048728347,0.028579354,0.10459229,0.01870343,0.028761715,0.082529575,0.015172005,0.098688394,0.027869433,101,2017_CElEFeLsvf8Y7yGWOqemnQ_0.jpg,51.501003,-0.236289,a car parked on the side of the street;a car parked on the side of a street;a car parked on the side of the road;a street with a few cars parked on the side;a street with a few cars parked on the side of the street
2017_wdg9cuch0olNDa2zFeyr2w,0.5530057,0.059033066,0.03043586,0.13120031,0.025120974,0.03944519,0.09039286,0.01814282,0.14700425,0.03711471,101,2017_wdg9cuch0olNDa2zFeyr2w_0.jpg,51.511003,-0.206289,a couple of cars parked in a parking lot;a car parked on the side of the road;a car parked on the side of the street;a car parked on the side of a street;a car parked on the side of the road in front of some houses
2017_dCjjHluXMxqUd5Ry3ZwkpQ,0.68789625,0.049844384,0.055158168,0.041933656,0.012048721,0.017294854,0.087273866,0.017509103,0.04207197,0.017440587,101,2017_dCjjHluXMxqUd5Ry3ZwkpQ_0.jpg,51.551003,-0.036289,a car driving down a street past houses;a car driving down a street next to houses;a street with cars parked on the side of the road;a view of a street from the side of the road;a view of a street from the side of a street
2017_FgP7JrWisdAAH-bpYY2oyQ,0.44611737,0.043228537,0.08708033,0.07484439,0.015502512,0.018162787,0.33277863,0.018209696,0.048041135,0.042436898,502,2017_FgP7JrWisdAAH-bpYY2oyQ_0.jpg,51.531003,-0.126289,a group of people walking down a sidewalk;a group of people walking down a city street;a crowd of people walking down a sidewalk;a group of people walking down a street next to buildings;a group of people walking down a street next to a building
2017_w2TCqTRNfMuqTjYndM3VVg,0.5650573,0.033998907,0.02205512,0.09902054,0.011228561,0.020183295,0.09170681,0.009095132,0.08177844,0.024318546,101,2017_w2TCqTRNfMuqTjYndM3VVg_0.jpg,51.501003,-0.126289,a city street with a building in the background;a view of a city street from the street;a view of a city street with buildings and cars;a view of a city street from the side of the road;a view of a city street from the side of the street
2017_JysdkLExkskIeTK1hQodag,0.44543615,0.024837554,0.016618252,0.16038063,0.009577066,0.019913822,0.18903759,0.008075863,0.073037416,0.032383323,101,2017_JysdkLExkskIeTK1hQodag_0.jpg,51.481003,-0.236289,a long road with a long line of trees;a long bus driving down a road next to trees;a long bus traveling down a road next to a forest;a long road with a long line of trees on it;a long road with a long line of trees on each side
2017_MivOfFERp9pU64VVZuhftA,0.57661027,0.031755477,0.01753214,0.104685724,0.010714233,0.021455377,0.10297513,0.008852243,0.083719075,0.024585277,101,2017_MivOfFERp9pU64VVZuhftA_0.jpg,51.461003,-0.096289,a car driving down a street next to buildings;a car driving down a street next to tall buildings;a car driving down a street next to a tall building;a car driving down a street next to a building;a view of a city street from the side of the road
2017_N6JaN-xV2uNux2X6Vw6loQ,0.5844424,0.025397182,0.01902923,0.07667866,0.007313669,0.015494943,0.149513,0.008541286,0.04967603,0.021820843,101,2017_N6JaN-xV2uNux2X6Vw6loQ_0.jpg,51.521003,-0.036289,a view of a street from the side of the road;a parking lot with a street light and a parking lot;a view of a street from the side of a road;a view of a road with a grassy area in the background;a parking lot with a street light and a street sign
2017_d0PhjrUYJ4T0EhQC-IJzAw,0.6413341,0.048028022,0.03839743,0.07218999,0.013914704,0.022095352,0.07516587,0.01393652,0.064891934,0.020489246,101,2017_d0PhjrUYJ4T0EhQC-IJzAw_0.jpg,51.491003,-0.236289,a group of cars driving down a street;several cars are parked on the side of the road;a group of cars driving down a street next to tall buildings;a group of cars driving down a street next to trees;a group of cars driving down a street next to a building
2017_QnefU6KRFB4U9uWGEy0nEA,0.2693282,0.034413815,0.025331736,0.32836282,0.016641825,0.034585178,0.2151627,0.013477296,0.11813468,0.067237526,301,2017_QnefU6KRFB4U9uWGEy0nEA_0.jpg,51.511003,-0.166289,a field that has a few trees in it;a field that has a bunch of trees in it;a field with a few trees in the background;a field with a few trees and bushes;a field that has a few trees in the middle of it
2017_7IHj3Z6bmL05a_hvGPG7qQ,0.37117967,0.034989655,0.020945817,0.24161848,0.018467903,0.031210601,0.12679332,0.011735588,0.1561102,0.046812832,301,2017_7IHj3Z6bmL05a_hvGPG7qQ_0.jpg,51.471003,-0.236289,a highway with several cars driving down it;a highway with several cars driving on it;a group of cars driving down a road next to trees;a group of cars driving down a street next to trees;a group of cars driving down a street next to a forest
2017_mamO4UbDRRMs2cnkRuSvnw,0.6844714,0.050388873,0.05235985,0.04613912,0.012261748,0.018623322,0.08380893,0.016497463,0.04416716,0.017817616,101,2017_mamO4UbDRRMs2cnkRuSvnw_0.jpg,51.491003,-0.166289,a car that is sitting in the street;a car driving down a road next to a tall building;a car driving down a street next to a tall building;a car driving down a road next to a building;a car parked on the side of a road
2017_sQb950sPF8_XJz01ev7oXA,0.5299428,0.025123656,0.021161735,0.094329834,0.007874131,0.014387399,0.12681243,0.006985843,0.06953567,0.023315102,101,2017_sQb950sPF8_XJz01ev7oXA_0.jpg,51.531003,-0.086289,a long road with buildings on both sides;a long road that has some trees on it;an empty street with a street and a building in the background;a long road that has some trees on each side;an empty street with a street and a building
2017_5I9S-C4htXFLwBFWrZgaGA,0.6667212,0.039104193,0.03747827,0.05065179,0.009518862,0.016158253,0.08374539,0.011657506,0.0445728,0.016195655,101,2017_5I9S-C4htXFLwBFWrZgaGA_0.jpg,51.501003,-0.186289,a car driving down a street past houses;a car parked on the side of the road;a car driving down a street past tall buildings;a car parked on the side of the street;a car parked on the side of a road near some buildings
2017_Ir_XXgRqkhJtYcEsZsgLYQ,0.45322755,0.028413951,0.015418291,0.17032552,0.012117446,0.02471739,0.13768727,0.008842588,0.10922611,0.03312245,101,2017_Ir_XXgRqkhJtYcEsZsgLYQ_0.jpg,51.491003,-0.126289,an empty street with no cars on it;an empty street with no cars on the road;a view of a street from the side of the road;a view of a street from the side of a road;a view of a street from the side of a street
2017_HHnNu6MwPtYyekx5i9UbRQ,0.6876096,0.045508265,0.043889433,0.045391083,0.011060476,0.017748564,0.08578277,0.015298098,0.042722553,0.017206848,101,2017_HHnNu6MwPtYyekx5i9UbRQ_0.jpg,51.471003,-0.196289,a car driving down a street next to tall buildings;a car driving down a street past tall buildings;a car driving down a street next to buildings;a view of a street from a car window;a car driving down a street next to a tall building
2017_vkuKUDxXL08-2zawKi-mmQ,0.62594,0.029559612,0.027827889,0.051796407,0.007378697,0.013556778,0.13162097,0.009404421,0.041111678,0.018162608,101,2017_vkuKUDxXL08-2zawKi-mmQ_0.jpg,51.501003,-0.056289,a view of a building from across the street;a row of houses lined up in a row;a view of a building from behind it;a view of a building from the side of the street;a view of a building from the side of the road
2017_sHBfIr5-gxrpZT8TYPnfVw,0.59869283,0.032959074,0.027830452,0.07520455,0.008941114,0.015842676,0.09827787,0.008515656,0.061870337,0.01989454,101,2017_sHBfIr5-gxrpZT8TYPnfVw_0.jpg,51.521003,-0.136289,an empty street with a building in the background;an empty street with a street sign on it;a city street with a street and a building;an empty street with a street sign and a building;an empty street with a street sign and a building in the background
2017_NPfrsbksj-D376xXvh1ALg,0.6692944,0.054701,0.0614883,0.049369603,0.014106572,0.020271212,0.07728374,0.01717776,0.04911372,0.017951071,101,2017_NPfrsbksj-D376xXvh1ALg_0.jpg,51.501003,-0.216289,a long line of cars parked in front of a building;a group of cars parked on the side of a road;a long line of cars driving down a street;a group of cars parked on the side of the road;a long line of cars parked on the side of the road
2017_dLwWgTi6v8EHxAcXo5r_4w,0.605588,0.045477033,0.027449816,0.097143024,0.016451478,0.027033806,0.082230955,0.014077485,0.08980572,0.026364148,101,2017_dLwWgTi6v8EHxAcXo5r_4w_0.jpg,51.461003,-0.106289,cars parked on the side of the street;cars parked on the side of the road;a street with cars parked on the side of the road;a street with cars parked on the side of the street;a street with cars parked on the side of a street
2017_6V3JUZKK-4kJiima9VG9lA,0.69030726,0.048175126,0.047992617,0.0456883,0.0117158,0.017855585,0.08286077,0.016178071,0.04323858,0.016919345,101,2017_6V3JUZKK-4kJiima9VG9lA_0.jpg,51.541003,-0.156289,a group of cars parked in front of a building;a group of cars parked on the side of the road;a group of cars parked on a city street;a group of cars parked on the side of a road;a group of cars parked on the side of a street
2017_D2O68oaPmyfyoT5ey4y5-w,0.6104881,0.04851967,0.029221565,0.0997968,0.018199652,0.029026777,0.08139169,0.015601754,0.0923233,0.027329057,101,2017_D2O68oaPmyfyoT5ey4y5-w_0.jpg,51.471003,-0.176289,a street with cars parked on the side of the road;a row of cars parked on the side of a street;a row of cars parked on the side of a road;a street with cars parked along the side of it;a row of cars parked along the side of a road
2017_aMY0ARFs3kq8w7sXmyEO8Q,0.35417613,0.031509727,0.01908347,0.23614272,0.015292734,0.027748942,0.15603277,0.009688735,0.13167316,0.04259813,301,2017_aMY0ARFs3kq8w7sXmyEO8Q_0.jpg,51.541003,-0.236289,a car driving down a road next to a forest;a view of a street from the side of the road;a car driving down a road next to a tree;a car driving down a road next to a green tree;a view of a street from the side of a road
2017_ejmSHYOvDP6vuUsmNvoQ8g,0.6918646,0.04461637,0.041833133,0.045092106,0.010589123,0.017360479,0.088113725,0.0148229,0.0410752,0.0165236,101,2017_ejmSHYOvDP6vuUsmNvoQ8g_0.jpg,51.471003,-0.186289,a car parked on the side of the street;a car parked on the side of the street with a blue umbrella;a car parked on the side of the street with a blue bag;a car parked on the side of the street with a blue bag hanging from the;a car parked on the side of the road with a blue bag hanging over the
2017_howE__GTZrv9twCJMrjdkg,0.6619605,0.035104007,0.02842626,0.053972363,0.008552283,0.016188353,0.09615272,0.01118502,0.045015126,0.017739207,101,2017_howE__GTZrv9twCJMrjdkg_0.jpg,51.501003,-0.246289,a car driving down a street next to a tall building;a car driving down a street next to tall buildings;a car driving down a road next to a tall building;a car driving down a street past houses;a car driving down a road next to a building
2017_6fCBaSPLoLTrK2Kxjm1yDw,0.42957786,0.022933036,0.016284943,0.18013054,0.010143638,0.020170748,0.1609199,0.007713378,0.09700999,0.033307314,101,2017_6fCBaSPLoLTrK2Kxjm1yDw_0.jpg,51.481003,-0.076289,a view of a building from behind a fence;a view of a building from the street;a view of a building from the side of the road;a view of a building from the side of a road;a view of a building from the other side of the road
2017_GQcXaUYM8B5Am3xpvCYWcg,0.6823645,0.041067272,0.03516701,0.051249355,0.010007739,0.017489463,0.08393726,0.012775481,0.04330656,0.015877068,101,2017_GQcXaUYM8B5Am3xpvCYWcg_0.jpg,51.531003,-0.206289,a car parked on the side of the road;a car parked on the side of a street;a car parked on the side of a road;a car parked on the side of a road near a building;a car parked on the side of the road in front of a building
2017_jjIOL3og8U77xKmIcykxOg,0.56558067,0.05526215,0.029434681,0.12233782,0.022745103,0.035294175,0.086734235,0.016857982,0.13439807,0.03408861,101,2017_jjIOL3og8U77xKmIcykxOg_0.jpg,51.521003,-0.186289,a couple of cars parked on the side of a road;a few cars parked on the side of the road;a couple of cars parked on the side of a street;a few cars parked on the side of the street;a couple of cars parked on the side of the road
2017_ffWR-OQU5fVvOfHoj9aGiA,0.5871218,0.03832513,0.02852878,0.08742991,0.011168093,0.019366354,0.084316045,0.009943366,0.07499179,0.022738934,101,2017_ffWR-OQU5fVvOfHoj9aGiA_0.jpg,51.531003,-0.056289,the view of a city street from a bus stop;a couple of buses that are sitting on the street;a view of a city street and a bus;a couple of buses that are sitting on a street;a couple of buses that are sitting on the side of a road
2017_TBQv436FEjAf4zUx2AzwYA,0.6838724,0.043093234,0.04416412,0.04151547,0.01000762,0.016062796,0.092216045,0.014801711,0.039269567,0.016599357,101,2017_TBQv436FEjAf4zUx2AzwYA_0.jpg,51.531003,-0.096289,a person walking down a street near buildings;a person walking down a street next to a building;an empty street with a person walking down the sidewalk;an empty street with a person walking down it;an empty street with a person walking on the sidewalk
2017_2jJPd9R2PLzeLGMoiG7CgA,0.670478,0.03514284,0.026436806,0.06037852,0.009309053,0.017492294,0.087341726,0.010803372,0.04954025,0.017174989,101,2017_2jJPd9R2PLzeLGMoiG7CgA_0.jpg,51.461003,-0.226289,a long road with houses on both sides of it;a long road with a car parked on the side of it;a view of a street with a car driving down the road;a long road with a car parked on the side of the road;a long road with houses on both sides and a car parked on the side of
2017_zeE5DsoY0OvilqrC3TKpKA,0.593923,0.040873468,0.021697342,0.108481795,0.014067382,0.027349323,0.09374213,0.011581302,0.08893958,0.025971353,101,2017_zeE5DsoY0OvilqrC3TKpKA_0.jpg,51.491003,-0.246289,a street with a few cars parked on it;a street with parked cars and a house;a street with a few cars parked on the side;a street with a few cars parked on the street;a street with parked cars and houses on the side
2017_sNJhGN7XaVFPf1qqWnUiEg,0.6471597,0.032533914,0.029242158,0.05465457,0.00809294,0.014686614,0.10691425,0.009288132,0.046901673,0.017166495,101,2017_sNJhGN7XaVFPf1qqWnUiEg_0.jpg,51.481003,-0.126289,a view of a city street from a residential area;a view of a street and a building;a view of a street from the ground;a view of a city street from the corner;a view of a city street from a residential neighborhood
2017_x43RUUMppl233mq1cWIZqw,0.60727626,0.03116092,0.020837396,0.07981911,0.008395135,0.017127752,0.0949994,0.008308947,0.060539305,0.020614207,101,2017_x43RUUMppl233mq1cWIZqw_0.jpg,51.531003,-0.136289,a white bus driving past a tall building;a white bus driving down a street next to tall buildings;a white bus driving past tall buildings on a street;a bus driving down a street next to tall buildings;a bus driving down a street next to a tall building
2017_9SQKwW6XBwD14C4tkGF9SQ,0.6845195,0.042117536,0.039304018,0.043081194,0.009751856,0.016456455,0.09153345,0.014030755,0.040308595,0.016427666,101,2017_9SQKwW6XBwD14C4tkGF9SQ_0.jpg,51.541003,-0.206289,a group of cars parked outside of a building;a city street with cars parked on it;a group of cars parked on the side of the road;a group of cars parked on the side of a street;a group of cars parked on the side of a road
2017_8dP_HkTtGNxZyGNulFu4zg,0.6705761,0.03957537,0.03045234,0.05692777,0.01004836,0.018619686,0.082595676,0.011566877,0.048788995,0.01676032,101,2017_8dP_HkTtGNxZyGNulFu4zg_0.jpg,51.541003,-0.186289,a group of cars parked in front of a red brick building;several cars parked in front of a red brick building;a group of cars parked in front of a building;a group of cars parked in front of a brick building;a group of cars parked in front of a brown building
2017_x3EkrOwuaR7TSNK_P_t0aQ,0.5982998,0.029231846,0.019884348,0.08309057,0.008238882,0.01651913,0.098270625,0.007759541,0.06354967,0.02067563,101,2017_x3EkrOwuaR7TSNK_P_t0aQ_0.jpg,51.541003,-0.096289,a bus driving down a street past a tall building;a bus driving down a street next to tall buildings;a bus driving down a road next to tall buildings;a red bus driving down a street past tall buildings;a bus driving down a street next to a tall building
2017_1YB2EX6AhBTxTTzbfgW59w,0.68763214,0.046914786,0.038328916,0.05326006,0.011872411,0.019995898,0.082422495,0.014811784,0.04580328,0.016829401,101,2017_1YB2EX6AhBTxTTzbfgW59w_0.jpg,51.521003,-0.226289,a car parked on the side of the road;a couple of cars parked on the side of a road;a car parked on the side of a road;a car parked on the side of a street;a couple of cars parked in front of a tall building
2017_lCmpBKM_N2vapPAsqp6uIQ,0.66989917,0.044220358,0.056881577,0.04272431,0.010927588,0.015920013,0.09771502,0.015183568,0.04091561,0.017453074,101,2017_lCmpBKM_N2vapPAsqp6uIQ_0.jpg,51.511003,-0.096289,a narrow city street lined with tall buildings;a view of a city street from the street;a view of a city street from the sidewalk;a view of a city street from a window;a view of a city street from the corner
2017_dOGEZcwrLd1f3FCVcGxGhg,0.6554898,0.04417792,0.045005143,0.05599788,0.011486143,0.018365055,0.07483971,0.013221562,0.050351977,0.017906666,101,2017_dOGEZcwrLd1f3FCVcGxGhg_0.jpg,51.471003,-0.076289,a bus driving down a street next to houses;a bus driving down a road next to houses;a bus parked on the side of the road;a bus parked on the side of a road;a bus parked on the side of a road next to houses
2017_wuag9Iul5fUCknsazgNHbg,0.5036154,0.043938547,0.02358538,0.14928484,0.018329531,0.03281638,0.09375033,0.013158768,0.13729554,0.036465853,101,2017_wuag9Iul5fUCknsazgNHbg_0.jpg,51.521003,-0.066289,an empty parking lot in a residential area;an empty parking lot in front of a building;an empty parking lot in front of a house;a view of an empty parking lot and a tree;a view of an empty parking lot and a building
2017_m-DF4_alxi5HLAkgHV19Wg,0.48658907,0.026075631,0.015589088,0.15219864,0.009913176,0.019667178,0.13092968,0.0077025,0.09682721,0.027914166,101,2017_m-DF4_alxi5HLAkgHV19Wg_0.jpg,51.551003,-0.226289,an empty street with houses in the background;a street with houses in the background;a street with houses in the background and houses in the background;a street with houses in the background and blue sky in the background;a street with houses in the background and blue sky
2017_v--5pYR0XLTXc_XSsEvU5Q,0.5604503,0.03887996,0.06490451,0.04753059,0.01124838,0.014764935,0.23366773,0.015244186,0.037469596,0.026744127,502,2017_v--5pYR0XLTXc_XSsEvU5Q_0.jpg,51.471003,-0.126289,a woman walking down a street past tall buildings;a person walking down a street with a cell phone;a person walking down the sidewalk in the day;a person walking down the sidewalk in a neighborhood;a woman walking down a street past a tall building
2017_hQTavjV-x1t-rkhZkNUaRw,0.5708677,0.034530878,0.029871404,0.07815209,0.010353714,0.017129332,0.10128608,0.010141909,0.061580837,0.022626609,101,2017_hQTavjV-x1t-rkhZkNUaRw_0.jpg,51.521003,-0.086289,a view of a city street from across the street;a view of a street from the side of a road;a view of a city street from the side of the road;a view of a street from the side of the road;a view of a city street from the side of the street
2017_YyG4SfqAQE6I7ZRx4WekSQ,0.5172189,0.032788783,0.018987387,0.1383942,0.012116551,0.023663878,0.09813237,0.008960635,0.10819262,0.028735459,101,2017_YyG4SfqAQE6I7ZRx4WekSQ_0.jpg,51.511003,-0.106289,a street with a large building in the background;a city street with a large building in the background;a street with many large buildings in the background;a street with a large building in the middle of it;a street with a large building in the middle of the background
2017_BvHMEAI_00aixBhr1CUB6Q,0.6801242,0.046204865,0.041581333,0.053465128,0.011882991,0.01991105,0.076984465,0.014122188,0.048004836,0.017131537,101,2017_BvHMEAI_00aixBhr1CUB6Q_0.jpg,51.551003,-0.206289,a street with cars parked on the side of the road;a street with cars parked on the side of the street;a street with many cars parked on the side;a street with many cars parked on the curb;a street with many cars parked on the side of the street
2017_xu_h5yRbEICJi9fTNqwsGQ,0.3013734,0.03271386,0.0219073,0.27567267,0.016451925,0.030319273,0.16555372,0.011089593,0.14258865,0.052823454,301,2017_xu_h5yRbEICJi9fTNqwsGQ_0.jpg,51.511003,-0.066289,an empty highway with a bridge crossing it;a parking lot with a train on it;a parking lot with a train passing by;a parking lot with a train passing by it;an empty highway with a bridge and a train track
2017_oFCLfkWXmZPEBrQAJ74bTw,0.5557362,0.02935344,0.028246313,0.06585568,0.008259594,0.014600575,0.1606828,0.010092318,0.047237486,0.022562355,101,2017_oFCLfkWXmZPEBrQAJ74bTw_0.jpg,51.511003,-0.126289,a large room with a lot of pictures on the wall;the inside of a restaurant with a large screen television;the inside of a restaurant with a large screen tv;a large room with a lot of pictures on the walls;the inside of a restaurant with a tv and a large screen
2017_jxqoKYkP00nkJrs-Vs3xWQ,0.6831155,0.03960395,0.035337746,0.04823321,0.009768546,0.016774893,0.08529642,0.013101161,0.042185873,0.016333401,101,2017_jxqoKYkP00nkJrs-Vs3xWQ_0.jpg,51.481003,-0.046289,a large red brick building on the corner of a street;a large red brick building next to a street;a large brown brick building on the corner of a street;cars are parked in front of a brown brick building;cars are parked in front of a large brick building
2017_tpP24ye3W0XxocwPSkPIEA,0.3034627,0.028667927,0.027765691,0.25576362,0.013337433,0.025558561,0.25106034,0.012107194,0.08347592,0.05864057,301,2017_tpP24ye3W0XxocwPSkPIEA_0.jpg,51.531003,-0.156289,a grassy field with trees in the background;a large grassy field with a few trees;a grassy field with a few trees in the background;a large grassy field with a few trees in it;a large grassy field with a few trees in the background
2017_uODhWw49TnoEDsIpCnitLw,0.663344,0.033085763,0.023367316,0.061592877,0.008663923,0.016950458,0.09532046,0.010265619,0.048716962,0.017525166,101,2017_uODhWw49TnoEDsIpCnitLw_0.jpg,51.461003,-0.046289,several cars parked on the side of the road;several cars parked on the side of the street;several cars parked on the side of a road;a street with cars parked on the side of the road;a street with cars parked on the side of the street
2017_oL3JkpWFvPPrGQM8QdOMVg,0.6652911,0.053601027,0.064860284,0.053397596,0.014548212,0.020176023,0.077878475,0.017201096,0.049950242,0.01933512,101,2017_oL3JkpWFvPPrGQM8QdOMVg_0.jpg,51.511003,-0.146289,a person riding a motorcycle on a city street;a person on a motor bike on a city street;a person riding a motorcycle down a city street;a person on a motor bike on a street;a person on a motor bike on the street
2017_S9P9WhWIg5G_WLnZZqaPyA,0.67949736,0.04718417,0.044434637,0.050655097,0.011865258,0.018650472,0.07850453,0.014524162,0.04768473,0.017200291,101,2017_S9P9WhWIg5G_WLnZZqaPyA_0.jpg,51.491003,-0.226289,a view of a street from a car window;a view of a city street with cars parked on it;a view of a city street with cars parked under an umbrella;a view of a city street with cars parked under a large umbrella;a view of a city street with cars parked on the street
2017_1w9PplM5mkT-3k1bgXZscw,0.64003897,0.038544893,0.025361568,0.078763455,0.011901706,0.022032768,0.08275819,0.011667967,0.060633004,0.020186096,101,2017_1w9PplM5mkT-3k1bgXZscw_0.jpg,51.461003,-0.056289,a car parked on the side of the road;a car driving down a road next to houses;a car parked on the side of a road;a car parked on the side of a road near a building;a car parked on the side of a road next to a building
2017_Oa-IUKT5wYAdWo1ItSQY6w,0.68340933,0.0399428,0.036445737,0.049726844,0.010007381,0.017032266,0.0834828,0.013317823,0.044181585,0.017175734,101,2017_Oa-IUKT5wYAdWo1ItSQY6w_0.jpg,51.531003,-0.236289,a red car driving down a street next to tall buildings;a red car driving down a city street;a red car driving down a street next to buildings;a red car driving down a street next to tall houses;a red car driving down a street next to houses
2017_M8rCx_3LkpTfI8vLP4Fgew,0.64793754,0.056739956,0.0740608,0.054913074,0.01542899,0.020690024,0.078707844,0.01807487,0.05381441,0.02113688,101,2017_M8rCx_3LkpTfI8vLP4Fgew_0.jpg,51.531003,-0.176289,a view of a city street from across the street;a view of a building from the street;a view of a city street from a distance;a view of a street from the side of a road;a view of a street from the side of the street
2017_P68vZucll8Jj_aP6AjGpuw,0.62736434,0.03712818,0.024910748,0.079921186,0.011205643,0.020630449,0.0866279,0.010677755,0.06418863,0.02065888,101,2017_P68vZucll8Jj_aP6AjGpuw_0.jpg,51.461003,-0.126289,a car driving down a street past houses;a car driving down a street next to houses;a street with a car parked on the side of it;a street with a car parked on the side;a car driving down a street next to a building
2017_1cKVeLtSPdD2YNJfUUZr2Q,0.67020893,0.03951761,0.036643416,0.0489417,0.009442031,0.016203374,0.08882001,0.011934489,0.042399764,0.016245633,101,2017_1cKVeLtSPdD2YNJfUUZr2Q_0.jpg,51.531003,-0.106289,a car driving down a street next to tall buildings;a car driving down a street next to buildings;a blurry image of a street with buildings in the background;a blurry image of an empty street in a city;a blurry image of an empty street with a car
2017_M0M-bhUknaKN-A9w3WKdpw,0.6907649,0.047317386,0.043961197,0.04612416,0.011451036,0.018218756,0.084602594,0.015535802,0.04266581,0.01669103,101,2017_M0M-bhUknaKN-A9w3WKdpw_0.jpg,51.481003,-0.096289,cars are parked on the side of the street;cars are parked on the side of the road;a street with cars parked on the side of it;cars are parked on the side of a road;a street with cars parked on the side of the road
2017_8Ro2iADYD2Q-yCSgMhehvg,0.6848328,0.053958923,0.05987689,0.04458186,0.013495684,0.018865198,0.082706064,0.01825568,0.04582727,0.01791656,101,2017_8Ro2iADYD2Q-yCSgMhehvg_0.jpg,51.511003,-0.196289,a group of cars driving down a street next to tall buildings;a group of cars driving down a city street;a city street with cars parked on the side;a group of cars driving down a street;a street with cars parked on the side of it
2017_I7a2Y2qJNoL9yiynYt3rFQ,0.44356307,0.044114083,0.022943527,0.18973085,0.02033186,0.038764447,0.11171839,0.013560295,0.16749576,0.043631077,101,2017_I7a2Y2qJNoL9yiynYt3rFQ_0.jpg,51.551003,-0.156289,a view of a parking lot from the street;a view of a parking lot with a building behind it;a view of a parking lot with a building in the background;a parking lot with a building and a parking lot;a view of a parking lot with a building in the middle
2017_UNSyk70Z8K0WP_8aoWYR4w,0.5670961,0.030350685,0.019878328,0.10924101,0.010239333,0.019226521,0.09408593,0.008878738,0.076571465,0.024111688,101,2017_UNSyk70Z8K0WP_8aoWYR4w_0.jpg,51.461003,-0.136289,a view of a street from the street;a view of a city street from the street;a view of a street from the side of a road;a view of a street from the side of a building;a view of a street from the side of the street
2017_IE8ZSNaGSScAAAQo8Udfag,0.5469094,0.024864793,0.018554509,0.10703817,0.00811708,0.016919106,0.11746904,0.007560909,0.06554821,0.024049103,101,2017_IE8ZSNaGSScAAAQo8Udfag_0.jpg,51.511003,-0.186289,a large room with wooden floors and wooden walls;a large room with wooden floors and a brick wall;a large room with wooden floors and a brick building;a large room with a wood floor and wooden walls;a room with a wood floor and a large fire place
2017_Fm9-iBkbUBNgtpyPrFFs6Q,0.6492382,0.043684185,0.060239762,0.04183194,0.010889411,0.015302479,0.10713327,0.014918476,0.040489256,0.018675894,101,2017_Fm9-iBkbUBNgtpyPrFFs6Q_0.jpg,51.531003,-0.116289,a city street with people walking down it;a city street with people walking down the sidewalk;a city street with buildings and people walking;a city street with people walking on the sidewalk;a street with cars and people walking on the sidewalk
2017_MtfzCDdY_W8-0c6jlYsQkA,0.5688551,0.03631568,0.022236258,0.115603775,0.013474584,0.023771137,0.08577865,0.010872036,0.09531978,0.027382076,101,2017_MtfzCDdY_W8-0c6jlYsQkA_0.jpg,51.541003,-0.196289,a long road with a long line of buildings;a long view of a city street with tall buildings;a long road with a long line of buildings on each side;a long road with a long line of buildings on it;a long view of a city street with people sitting on it
2017_PWzdrwoIrvxmJl-rFrTePQ,0.64334005,0.043263704,0.037995636,0.061801463,0.011362642,0.019180775,0.07664409,0.011753202,0.05671373,0.018081099,101,2017_PWzdrwoIrvxmJl-rFrTePQ_0.jpg,51.471003,-0.096289,a view of an empty street from a building;a view of an empty street from a grassy field;a view of an empty street from the side of a road;a view of a street with a few buildings on it;a view of an empty street from the side of the road
2017_cknJuihdp_4G-k8zvzRgzg,0.28883135,0.033304274,0.024053514,0.29785115,0.01695779,0.032708466,0.18206897,0.01188615,0.14462146,0.057136983,301,2017_cknJuihdp_4G-k8zvzRgzg_0.jpg,51.551003,-0.246289,a road with a fence and a fence;a long empty road with a fence between two buildings;a road with a fence and a fence on it;a long road with a fence and a fence;a road with a fence and a fence on the side
2017_-iEjXPYl42EeEt9vlOikcw,0.535448,0.034192234,0.020050496,0.121361434,0.011413068,0.021921217,0.0938693,0.008841991,0.09835106,0.026899189,101,2017_-iEjXPYl42EeEt9vlOikcw_0.jpg,51.531003,-0.196289,an empty street with no cars on the road;a view of a street from the side of the road;a view of a city street from the street;a view of a street from the side of a road;a view of a city street from the side of the road
2017_N-ZOXIC_4I9OnD3C_5eEKw,0.67145777,0.038525105,0.037099987,0.051611304,0.009677827,0.016252816,0.087369144,0.011791766,0.045127213,0.016294092,101,2017_N-ZOXIC_4I9OnD3C_5eEKw_0.jpg,51.491003,-0.036289,a view of a street from the ground;a view of a city street from the ground;a view of a city street with a cloudy sky;a street with buildings and cars parked on the side;a view of a city street with buildings and a cloudy sky
2017_oKuF_1TGAQ5yCa7p4eTEeQ,0.6315816,0.04340723,0.030730784,0.07948768,0.013626963,0.022952199,0.07785657,0.012526006,0.07026476,0.021818876,101,2017_oKuF_1TGAQ5yCa7p4eTEeQ_0.jpg,51.521003,-0.176289,a car driving down a road next to tall buildings;a car driving down a street next to tall buildings;a car driving down a street next to a tall building;a street with cars parked on the side of the road;a street with cars parked on the side of the street
2017_jqfahB9rwdkGNxpMLvF9FA,0.67024064,0.03573391,0.026203752,0.059616804,0.00890556,0.017500013,0.09364101,0.010940164,0.0463261,0.017197996,101,2017_jqfahB9rwdkGNxpMLvF9FA_0.jpg,51.471003,-0.066289,a car driving down a street next to houses;a car driving down a street next to a house;a car driving down a street next to a tall building;a car driving down a street next to a tall red brick building;a view of a street with a tree in the middle
2017_X8NCmg2JjP-omDUZaGd6vQ,0.62345254,0.033656448,0.020584673,0.090308994,0.01091373,0.021543652,0.08823702,0.010355771,0.063188136,0.021018445,101,2017_X8NCmg2JjP-omDUZaGd6vQ_0.jpg,51.531003,-0.036289,a car parked in front of a building;a car parked in front of a red brick building;a car parked on the side of the road;a car parked on the side of a street;a car parked on the side of the road near a building
2017_rrHOlmz7Xwzc4Ja9WmWmdg,0.6838018,0.038295627,0.030799866,0.051202923,0.009386957,0.017610043,0.09225634,0.012609929,0.04160452,0.016668528,101,2017_rrHOlmz7Xwzc4Ja9WmWmdg_0.jpg,51.461003,-0.066289,a street with cars parked on the side of the road;a street with cars parked on the side;a highway with cars parked on the side of it;a street with cars parked on the side of it;a highway with cars parked on the side of the road
2017_7p1L-GqrJiCWFToGwhgxhQ,0.6490244,0.049316794,0.04289967,0.06852898,0.014149308,0.021844953,0.07319519,0.014404506,0.062951,0.020764202,101,2017_7p1L-GqrJiCWFToGwhgxhQ_0.jpg,51.491003,-0.116289,a street with cars parked along the side of it;a street with cars parked on the side;a street with cars parked on the side of it;a street with cars parked on the side of the road;a street with cars parked along the side of the road
2017_1Wi2za85a1PsMEnnJb8wnA,0.6338269,0.044382393,0.058416545,0.051489085,0.011666149,0.017603248,0.09706351,0.01456368,0.04423979,0.018802196,101,2017_1Wi2za85a1PsMEnnJb8wnA_0.jpg,51.471003,-0.206289,a store with a display of food inside of it;a view of a store that is in a store;a store with a display of food in front of it;a view of a store from the inside of a store;a view of a store that is in the middle of the store
2017_GlUpGwIyng_VxEb5js3q-w,0.6501858,0.031335205,0.030269444,0.04865077,0.007546634,0.013901293,0.12239447,0.010659426,0.037663996,0.017434508,101,2017_GlUpGwIyng_VxEb5js3q-w_0.jpg,51.471003,-0.086289,a person walking down a street next to a fence;a man walking down a street next to a park;a man walking down a street next to a fence;a man walking down a street next to a building;a man walking down a street next to a tall building
2017_PzlwcKoF8gp0QvB7ZP2b9A,0.64412713,0.03941238,0.02714923,0.070230216,0.011079282,0.02087468,0.083125085,0.011195362,0.057561517,0.018678874,101,2017_PzlwcKoF8gp0QvB7ZP2b9A_0.jpg,51.531003,-0.226289,a view of a street from the side of the road;a view of a street from the side of a building;a view of a street with a long line of buildings;a view of a city street from the top of a car;a view of a street with cars parked on the side of the road
2017_uHLB6fetWRGQDC68wUSbog,0.28094682,0.030666769,0.026648104,0.29824597,0.016323388,0.031888396,0.2487137,0.012969136,0.10293546,0.06742799,301,2017_uHLB6fetWRGQDC68wUSbog_0.jpg,51.531003,-0.166289,a wooden walkway next to a body of water;a concrete walkway leading to a body of water;a wooden walkway next to a river;a wooden walkway next to a river with a bridge;a wooden walkway next to a body of water and a forest
2017_hQ3eY6sJ-f_kmhPZTZcE7A,0.351248,0.028770596,0.034065366,0.17382872,0.012811482,0.021933705,0.3234019,0.012390971,0.06295782,0.053145885,502,2017_hQ3eY6sJ-f_kmhPZTZcE7A_0.jpg,51.541003,-0.136289,a large red brick building next to a forest;a red brick building next to a forest;a large red brick building next to a park;a red brick building next to a forest and a forest;a red brick building next to a forest and a fence
2017_ys_W7XWwqgk2yjy70wWiXA,0.55017287,0.0409106,0.02434823,0.11646786,0.013774723,0.025225848,0.09668222,0.010793507,0.105076015,0.028684467,101,2017_ys_W7XWwqgk2yjy70wWiXA_0.jpg,51.491003,-0.076289,a long empty street with a street light;a long road with a street light on each side;an empty street with a street light and trees;an empty street with a light pole on the side;a long road with a street light on the side
2017_oCQf8Jub5WNBRhFJa2DBiw,0.6456435,0.03438562,0.034499496,0.05505511,0.008473724,0.015053004,0.11395687,0.010142893,0.04534504,0.018129438,101,2017_oCQf8Jub5WNBRhFJa2DBiw_0.jpg,51.481003,-0.056289,a view of a street with a building behind it;a view of a street with a building in the background;a view of a city street from the side of the road;a view of a road from the side of a road;a view of a city street from the side of the street
2017_7l6STUrtgj5ZTEl7Yg_lIA,0.68984646,0.044189066,0.04162848,0.045657218,0.010507405,0.017062873,0.08879852,0.01462242,0.041282862,0.016206652,101,2017_7l6STUrtgj5ZTEl7Yg_lIA_0.jpg,51.491003,-0.096289,a car parked on the side of the road;a car parked on the side of the street;a car parked on the side of a street;a car parked on the side of a road;a car parked on the side of the road near a building
2017_NTLSNYnGhrgoucuelthdBw,0.64193475,0.030855387,0.02288416,0.06358573,0.008201957,0.015753359,0.09652433,0.00913465,0.04773158,0.017469078,101,2017_NTLSNYnGhrgoucuelthdBw_0.jpg,51.511003,-0.226289,a motorcycle parked on the side of the road;a motorcycle parked on the side of the street;a motorcycle parked on the side of a street;a motorcycle parked on the side of a road;a motorcycle parked on the side of a city street
2017__WuAcD0rMinUgBbarS75nA,0.6837807,0.04583448,0.049040765,0.04180345,0.010703743,0.016665757,0.09001833,0.015708238,0.039664745,0.016808271,101,2017__WuAcD0rMinUgBbarS75nA_0.jpg,51.521003,-0.046289,a group of cars that are sitting in the street;a group of cars driving down a street;a group of cars parked on a city street;a group of cars parked on the side of a road;a group of cars parked on the side of the road
2017_8qIaRNsenagbBCBvMpHmdA,0.6477101,0.035301387,0.024693727,0.07050216,0.009718955,0.018538624,0.08496499,0.010073453,0.055782348,0.018517226,101,2017_8qIaRNsenagbBCBvMpHmdA_0.jpg,51.471003,-0.246289,a car driving down a street next to houses;a street with several cars parked on the side of it;a street with several cars parked on the side;a car driving down a street next to tall buildings;a car driving down a street next to tall houses
2017_Tq7mMQOfhZKI0zn2p_3RXA,0.614053,0.057442367,0.044035554,0.0870547,0.01867336,0.025983334,0.076681554,0.015899062,0.10020214,0.026471376,101,2017_Tq7mMQOfhZKI0zn2p_3RXA_0.jpg,51.541003,-0.076289,a city street filled with traffic next to buildings;a city street filled with lots of traffic;a city street filled with lots of traffic next to buildings;a street with cars and buildings on both sides;a city street filled with lots of traffic next to tall buildings
2017_KCXWxKT_ceU1yQXe41QnGg,0.35664135,0.02797851,0.019364953,0.20785844,0.012827218,0.023975879,0.18489671,0.009231269,0.11649999,0.039099276,301,2017_KCXWxKT_ceU1yQXe41QnGg_0.jpg,51.481003,-0.226289,a boat in a body of water with a sky background;a boat floating on top of a lake;a boat floating on top of a body of water;a boat floating on top of a lake next to a forest;a boat in a body of water with a sky in the background
2017_MfNCcxYTvOGrdNHhbHVKQA,0.6633824,0.059072524,0.075338095,0.04893613,0.015914738,0.021091968,0.07928002,0.019352376,0.04986137,0.019477814,101,2017_MfNCcxYTvOGrdNHhbHVKQA_0.jpg,51.501003,-0.176289,a street filled with traffic surrounded by tall buildings;a city street filled with traffic next to tall buildings;a city street filled with tall buildings and traffic;a city street filled with tall buildings and cars;a city street filled with tall buildings next to a tall building
