2017_zHOZlpAc71KQEz4mWpPk1A,0.67230093,0.038320214,0.03575346,0.0461033,0.009106576,0.015710711,0.092211545,0.012185305,0.04221958,0.016634792,101,2017_zHOZlpAc71KQEz4mWpPk1A_0.jpg,40.747638,-73.859838,a car driving down a street next to tall buildings;a car parked on the side of the road;a car driving down a street past a tall building;a car parked on the side of the road near a building;a car parked on the side of the road in a small town
2017_0FHqkE-iFGlecALYsRulqw,0.32488614,0.02842936,0.02352807,0.23051128,0.012367845,0.025912553,0.24630752,0.011100352,0.08113414,0.052542567,301,2017_0FHqkE-iFGlecALYsRulqw_0.jpg,40.697638,-73.859838,a view of an empty street with a tree lined sidewalk;a view of an empty road with trees and bushes;a view of an empty street with a tree lined road;a view of an empty street with a tree lined street;a view of an empty street with a small tree lined sidewalk
2017_-MpTmgZHQgtpdMFYW2Zt0A,0.38671333,0.049776554,0.027844489,0.23634073,0.023588002,0.044320554,0.11709204,0.015979588,0.19859806,0.05282703,301,2017_-MpTmgZHQgtpdMFYW2Zt0A_0.jpg,40.767638,-73.899838,a concrete skate park with graffiti on it;a skate park with graffiti on the walls;a concrete skate park with graffiti on the walls;a skate park with graffiti on it and a building in the background;a skate park with graffiti on the walls and around it
2017_iS8UFRIQiEr5LPoTgni8WA,0.46010092,0.034136653,0.017493516,0.19104129,0.01610747,0.029891133,0.10933873,0.010778785,0.13444814,0.03607279,101,2017_iS8UFRIQiEr5LPoTgni8WA_0.jpg,40.797638,-73.999838,a road with houses and houses in the background;a road with houses and houses on each side;a road with houses on both sides of it;a road with houses on both sides and a street light;a road with houses on both sides of it and houses on the side
2017_t7vp_BuLTp_oh34-QpVYCg,0.5658643,0.059955597,0.03085047,0.12716785,0.02508396,0.039460063,0.08981785,0.018186629,0.14486268,0.03638026,101,2017_t7vp_BuLTp_oh34-QpVYCg_0.jpg,40.787638,-73.819838,a street with cars parked on the side of the road;a car driving down a street next to a building;a view of a city street from a car window;a street with cars parked on the side of it;a street with cars parked on the side of the street
2017_GU53ssfHqBWnwHiRgyWLmg,0.6887734,0.04422456,0.040715694,0.045497775,0.010839045,0.017573357,0.08644557,0.01493156,0.042388678,0.016811311,101,2017_GU53ssfHqBWnwHiRgyWLmg_0.jpg,40.787638,-73.939838,a couple of cars parked on the side of a road;two cars parked on the side of the road;a couple of cars parked on a city street;two cars parked on the side of the street;a couple of cars parked on the side of a street
2017_DUyut6u6s2DlhkNWOV_h2A,0.6168687,0.04024133,0.024514616,0.09907618,0.014315099,0.024984568,0.08372,0.012608767,0.07922083,0.02494827,101,2017_DUyut6u6s2DlhkNWOV_h2A_0.jpg,40.747638,-73.919838,a street with cars parked on the side of the road;a street with cars parked on the side of the street;a street with parked cars and a few trees;a street with cars parked on the side of a road;a street with parked cars and a few houses
2017_WWN-O9psc0vBMDTEJGZ2_g,0.5355243,0.045793325,0.022776395,0.13897625,0.019641519,0.03396228,0.09302437,0.013744473,0.12937364,0.033561468,101,2017_WWN-O9psc0vBMDTEJGZ2_g_0.jpg,40.747638,-73.949838,a long road with a lot of cars on it;a long road with a lot of cars driving down it;a long road with a lot of traffic on it;a long road with a lot of cars driving on it;a long road with some cars parked on the side of it
2017_uV6HdAj-4K0VZ4qTwMro5Q,0.40325257,0.052671194,0.02611041,0.21932068,0.026430994,0.050539225,0.117346525,0.017553985,0.19926721,0.05362329,301,2017_uV6HdAj-4K0VZ4qTwMro5Q_0.jpg,40.777638,-74.059838,a view of a road from inside a vehicle;a view of a road from inside of a vehicle;a view of a road from a vehicle window;a view of a road from inside a car;a view of a road from a car window
2017_FBhTqazshPnUChInTsZYaw,0.39364597,0.066314876,0.03291881,0.24102864,0.033373117,0.06197089,0.1102463,0.022141397,0.2475766,0.06209135,301,2017_FBhTqazshPnUChInTsZYaw_0.jpg,40.727638,-73.919838,a long road with cars driving down it;a view of a street with cars driving down it;a view of a street with cars on it;a view of a street with cars driving down the road;a view of a street with cars driving on it
2017_icu1QAA4lw-9UH1kmN5tiw,0.64572144,0.034352154,0.02327454,0.07777792,0.010623485,0.020162433,0.084560394,0.010814339,0.056174636,0.019032717,101,2017_icu1QAA4lw-9UH1kmN5tiw_0.jpg,40.717638,-74.069838,a truck parked on the side of the road;a truck parked on the side of a street;a truck parked on the side of a road;a red car is parked on the side of the street;a red car is parked on the side of the road
2017_dSwW9fgIa4sb5C8H5uAm-g,0.493039,0.021926284,0.017549843,0.11687514,0.007627934,0.015290558,0.18839654,0.007279396,0.05955732,0.026903898,101,2017_dSwW9fgIa4sb5C8H5uAm-g_0.jpg,40.767638,-73.939838,a red white and black building and some trees;a red and white striped building with a large window;a red and white striped building with a window;a red white and black building and a red and white striped building;a red and white striped building with a sign that reads UNK
2017_yrqahDNJz3M1VId5K2fcGg,0.6580998,0.049316794,0.04603046,0.067129105,0.014793485,0.021540165,0.07090655,0.015468657,0.061567307,0.020026356,101,2017_yrqahDNJz3M1VId5K2fcGg_0.jpg,40.797638,-73.969838,a truck driving down a street next to tall buildings;a car driving down a street next to tall buildings;a truck driving down a city street next to tall buildings;a truck driving down a city street with tall buildings;a city street with a truck driving down it
2017_mhQj1WZemj42oNgBSsu9_A,0.65336305,0.064670116,0.097233444,0.062259227,0.019810468,0.022443086,0.07600692,0.022790164,0.06439453,0.02595833,101,2017_mhQj1WZemj42oNgBSsu9_A_0.jpg,40.767638,-73.959838,a city street filled with lots of traffic;a city street filled with lots of traffic and tall buildings;a red car driving down a street next to tall buildings;a red car driving down a city street;a city street filled with lots of traffic next to tall buildings
2017_bMtSL76gpvEKq02GUusVzQ,0.66252327,0.0548968,0.06311208,0.052419215,0.014430821,0.020898014,0.07535395,0.01699689,0.05142781,0.018949032,101,2017_bMtSL76gpvEKq02GUusVzQ_0.jpg,40.697638,-73.959838,a city street filled with traffic next to tall buildings;several cars are parked on a city street;a city street filled with traffic and tall buildings;a city street with cars parked on the side;a city street with cars parked on the side of the road
2017_ADshGjZzLCzIklWs0CroKg,0.5752595,0.05341032,0.029152542,0.114742905,0.021108687,0.033745944,0.08514038,0.016127199,0.122697234,0.03259313,101,2017_ADshGjZzLCzIklWs0CroKg_0.jpg,40.707638,-73.869838,a view of a building from the side of the street;the side of a building on a city street;the side of a building on a street corner;a view of a building from the side of the road;a view of a building from the side of a street
2017__haChiEwkRNS5MnxERgx8A,0.68853945,0.04747203,0.046011925,0.04650557,0.011536479,0.01828584,0.082773745,0.015462875,0.043468386,0.016951978,101,2017__haChiEwkRNS5MnxERgx8A_0.jpg,40.747638,-73.889838,a car driving down a street next to tall buildings;a car driving down a street next to houses;a street with cars parked on the side of the road;a street with cars parked on the side of it;a street with cars parked on the side of the street
2017_-7CojMFpHX9IAak7SI_jZw,0.6714936,0.043713033,0.033732712,0.061708868,0.011805981,0.0206905,0.07792801,0.01317808,0.053316683,0.018285811,101,2017_-7CojMFpHX9IAak7SI_jZw_0.jpg,40.757638,-73.929838,a street with cars parked on the side;a street with cars parked on the side of the road;a street with cars parked along the side of it;a street with cars parked along side of the road;a street with cars parked along side of the street
2017_u6TUlrCnXkJNh0H_NGCcWA,0.36524075,0.07132706,0.036886662,0.25780916,0.0363369,0.07022381,0.11767614,0.024515599,0.26407838,0.07019359,301,2017_u6TUlrCnXkJNh0H_NGCcWA_0.jpg,40.777638,-73.989838,a view of an empty highway from a distance;a view of a city street from a distance;a view of an empty highway from the water;a view of a city street with buildings and a cloudy sky;a view of a city street with a large building in the background
2017_6LsavyDQhveCGB8O85HshA,0.6603498,0.046971858,0.034401834,0.07201943,0.014245212,0.023706317,0.077215225,0.014350414,0.06088963,0.019679636,101,2017_6LsavyDQhveCGB8O85HshA_0.jpg,40.787638,-74.029838,a view of a street with houses and cars;a long row of houses with cars parked along the street;a view of a residential street with a row of houses;a long row of houses with cars parked on the street;a long row of houses with cars parked along a street
2017_I17QdHm-4MO2ak5YD49NyQ,0.38297683,0.025839746,0.027568191,0.16107994,0.010326803,0.019139826,0.26650232,0.009842575,0.0634543,0.042893767,502,2017_I17QdHm-4MO2ak5YD49NyQ_0.jpg,40.747638,-73.849838,a view of a road from the side of the road;a view of a road from the side;a view of the road from the side of the road;a view of a street from the side of a road;a view of a road from the side of a road
2017_7HvSDGvl0qbHmVR1EENtIw,0.42915455,0.026094735,0.017827421,0.16925204,0.011924177,0.02257672,0.14892742,0.008528471,0.115591764,0.03421676,101,2017_7HvSDGvl0qbHmVR1EENtIw_0.jpg,40.707638,-74.029838,a large body of water with a city in the background;a large body of water next to a city;a large body of water with a city in the back ground;a large body of water with buildings in the background;a view of a body of water with a city in the background
2017_56qEhhrytBe8IMW_3bcfBA,0.50458974,0.036691964,0.020306945,0.16115454,0.017864496,0.03297788,0.11438188,0.012368053,0.12584889,0.038894773,101,2017_56qEhhrytBe8IMW_3bcfBA_0.jpg,40.697638,-73.969838,a large long train on a steel track;a bus driving down a street next to tall buildings;a bus driving down a street next to a tall building;a bus driving down a road next to a building;a bus driving down a road next to a tall building
2017_z5n0Pp955_9Z44pqB4rBOQ,0.33345425,0.03164515,0.020281613,0.26194793,0.016171157,0.029203802,0.16174906,0.010807395,0.13898152,0.049141288,301,2017_z5n0Pp955_9Z44pqB4rBOQ_0.jpg,40.757638,-74.029838,a person riding a snowboard down a road;a person riding a snow board down a hill;a person riding a snow board down a road;a person riding a snow board on a city street;a person riding a skate board on a city street
2017__JOea1ge-8EH84vubPGgig,0.40068164,0.053276718,0.024682313,0.2351293,0.030165255,0.05201444,0.10788515,0.018041909,0.2107692,0.05675772,301,2017__JOea1ge-8EH84vubPGgig_0.jpg,40.727638,-73.929838,a car driving down a road next to a train track;a car driving on a road near a bridge;a car driving down a road next to a bridge;a car driving down a road near a bridge;a car driving on a road near a train track
2017_ouIBYr9jhLinUcI7GM-H-Q,0.63324875,0.047740817,0.03043148,0.084834546,0.015378237,0.026701361,0.07921523,0.013873458,0.07576418,0.023111701,101,2017_ouIBYr9jhLinUcI7GM-H-Q_0.jpg,40.717638,-73.919838,a road with cars parked on the side of the road;a long road with cars parked on the side of it;a long road with cars parked on the side;a road with cars parked on the side of the street;a road with cars parked on the side of a road
2017_uQIZwrxFvJA1ukAEkXzcNQ,0.6640064,0.03758511,0.028515339,0.061816007,0.01021415,0.018472284,0.080513686,0.011319101,0.051103085,0.017351866,101,2017_uQIZwrxFvJA1ukAEkXzcNQ_0.jpg,40.717638,-73.879838,a car driving down a street next to tall buildings;a street with cars parked on the side of it;a car driving down a street past tall buildings;a street with cars parked on the side of the road;a car driving down a road next to tall buildings
2017_o-rRU-Ok-5RUv3f4qLL3kw,0.41591063,0.028936654,0.02049756,0.17073396,0.013148695,0.025299251,0.15165767,0.009647906,0.1147989,0.03908211,101,2017_o-rRU-Ok-5RUv3f4qLL3kw_0.jpg,40.707638,-73.999838,a person riding a bike on a city street;a man riding a bike down a street;a person riding a bike down a city street;a man riding a bike down a street next to a building;a man riding a bike down a street with a backpack on
2017_Aag_jotj_7TUSFXwl7kbig,0.42797622,0.038232684,0.023159534,0.17650387,0.01644364,0.03306797,0.14233127,0.011779994,0.14942968,0.040789694,101,2017_Aag_jotj_7TUSFXwl7kbig_0.jpg,40.767638,-74.019838,a blurry picture of a building at night;a blurry picture of a building at night time;a night view of a city street with a street light;a night view of a city street and a street;a night view of a city street with the sun shining down
2017_rgzuID4uAnwTYRx3DTIRGQ,0.54893607,0.035665393,0.02209407,0.116731316,0.012411892,0.021981716,0.09172037,0.010193437,0.090243876,0.0271945,101,2017_rgzuID4uAnwTYRx3DTIRGQ_0.jpg,40.697638,-73.909838,a view of a skate park with graffiti on it;a view of the inside of a vehicle;a view of a skate park with graffiti;a view of the inside of a vehicle with graffiti on it;a view of a skate park from the side of a ramp
2017_yvbmHc0IjBHQwsizCzI3jw,0.66865945,0.044579208,0.035331696,0.05935815,0.012030751,0.020349175,0.07801896,0.01353097,0.05074346,0.017835677,101,2017_yvbmHc0IjBHQwsizCzI3jw_0.jpg,40.727638,-73.899838,a long line of cars driving down a street;a street with cars parked on the side of the road;a street with cars parked on the side of it;a long line of cars driving down a road;a street with cars parked on the side of the street
2017_45OQCIpdPhs49DOUQUvg3Q,0.6608262,0.031672716,0.024769664,0.056296796,0.007976651,0.016096234,0.10933533,0.010881215,0.041228145,0.017761827,101,2017_45OQCIpdPhs49DOUQUvg3Q_0.jpg,40.717638,-73.859838,a white car parked in front of a house;a white car parked in front of a brown building;a white car parked in front of a building;a white car parked in front of a brown house;a white car parked on the side of a road
2017_ebGGEIpA4QWBA2NNJNDW9g,0.40791768,0.07797533,0.041730046,0.22848868,0.037270308,0.06654659,0.106785536,0.026255995,0.2628453,0.06581625,301,2017_ebGGEIpA4QWBA2NNJNDW9g_0.jpg,40.757638,-73.899838,a long road with a few cars driving down it;a long road with a long line of traffic;a long road with a long line of cars driving down it;a long road with a few cars driving on it;a long road with a long line of cars on it
2017_Bf0Yj8-Fqtbm_2ErTGOIWg,0.6370901,0.03412679,0.024625897,0.067495435,0.009404808,0.017531246,0.08545029,0.009615272,0.056220263,0.018441975,101,2017_Bf0Yj8-Fqtbm_2ErTGOIWg_0.jpg,40.747638,-74.029838,a street corner with a building in the background;a street with buildings and people walking on the sidewalk;a street with buildings and people walking down the street;a street with buildings and people walking down it;a street with buildings and people walking down the sidewalk
2017_FBVy79Uxss_GdF1sS8Ylog,0.67533636,0.041786253,0.036417127,0.05663559,0.010864645,0.01829499,0.07730901,0.012647897,0.04955712,0.01713577,101,2017_FBVy79Uxss_GdF1sS8Ylog_0.jpg,40.707638,-73.919838,a car driving down a street next to tall buildings;a car parked on the side of the road;a car parked on the side of a street;a car parked on the side of the street;a car parked on the side of a road
2017_qqwHQHTpyz-pw9M420TBtQ,0.6891581,0.048475027,0.045010507,0.04782951,0.011769712,0.019072682,0.082929224,0.015162945,0.04390648,0.016510963,101,2017_qqwHQHTpyz-pw9M420TBtQ_0.jpg,40.747638,-74.049838,a car parked in front of a tall building;a car driving down a road next to tall buildings;a car driving down a road next to a tall building;a car driving down a road next to a building;a silver car driving down a street past a tall building
2017_i_2S34zmDO18qNnFBukb6Q,0.55696094,0.06769377,0.038950384,0.122954726,0.029694468,0.042516112,0.086960375,0.021329582,0.15881228,0.038432777,101,2017_i_2S34zmDO18qNnFBukb6Q_0.jpg,40.767638,-73.889838,a group of cars driving down a street;a road with cars parked on the side of it;a road with cars parked on the side;a group of cars driving down a street next to trees;a group of cars driving down a street next to tall buildings
2017_WCpofsKsKeiQSY-h6rfGoQ,0.51826966,0.02873987,0.01617542,0.14673692,0.010377467,0.02137199,0.11054212,0.008241355,0.09728634,0.02731052,101,2017_WCpofsKsKeiQSY-h6rfGoQ_0.jpg,40.697638,-73.829838,an empty street with houses on both sides;a long road with houses on both sides of it;a long road with houses on both sides;a long road with houses on both sides of the street;a long road with houses on both sides of the road
2017_ketCZe1UT1JxXLqawV014w,0.524068,0.043672383,0.023160815,0.13525677,0.017300963,0.031463087,0.09323621,0.012895823,0.12794822,0.033870935,101,2017_ketCZe1UT1JxXLqawV014w_0.jpg,40.717638,-74.049838,a black car driving down a city street;a black car driving down a street next to buildings;a black car driving down a street next to tall buildings;a car is parked in the middle of the street;a black car driving down a street past a red car
2017_o_NelGVkgww-iBnoUtqY6A,0.5231062,0.045814753,0.023395121,0.15160215,0.019380122,0.03356424,0.0905714,0.01410374,0.14002553,0.03579521,101,2017_o_NelGVkgww-iBnoUtqY6A_0.jpg,40.727638,-73.879838,a parking lot with a few cars parked;a parking lot with a few cars parked in it;a parking lot with a few cars parked on it;a parking lot with a few cars parked on the side of it;a parking lot with a few cars parked on the side
2017_tSHIOaXjPs0qoqq6Oa20MQ,0.65655565,0.041854262,0.032735765,0.06605366,0.011688173,0.020798862,0.076135844,0.012103468,0.05694899,0.018476784,101,2017_tSHIOaXjPs0qoqq6Oa20MQ_0.jpg,40.757638,-74.039838,a couple of cars driving down a street;a white car driving down a street next to tall buildings;a car driving down a street next to houses;a white car driving down a street next to houses;a white car driving down a street past buildings
2017_TA29WAD4IKyfABajPQN3TQ,0.6551577,0.059152126,0.07218009,0.05727312,0.016139686,0.021197915,0.07489428,0.019071579,0.055178344,0.02101928,101,2017_TA29WAD4IKyfABajPQN3TQ_0.jpg,40.777638,-73.959838,several cars parked in front of a brick building;several cars parked in front of a building;several cars parked in front of a tall building;several cars parked on the side of a street;several cars parked on the side of a road
2017_GaXoursEcWM1qBagwupwpQ,0.4413557,0.06677419,0.035788238,0.19312972,0.029273808,0.05458373,0.10195848,0.021477222,0.21931389,0.053116918,504,2017_GaXoursEcWM1qBagwupwpQ_0.jpg,40.767638,-73.879838,a car driving down a street next to tall buildings;a car driving down a road near a city;several cars driving down a city street with buildings in the background;a car driving down a street next to a parking lot;a car driving down a street next to a tall building
2017_FDg2N6Ew2fl96XyKeytH4A,0.56329536,0.032250524,0.018428266,0.10617265,0.011079729,0.022135645,0.10555628,0.009019136,0.08516446,0.025680095,101,2017_FDg2N6Ew2fl96XyKeytH4A_0.jpg,40.727638,-74.059838,a view of a city street from a window;a view of a street from the side of a road;a view of a city street from the window;a view of a city street from the side;a view of a city street from the side of the road
2017_6EwizU5W-YFoSbQ40uFJHw,0.6907365,0.042494625,0.038909137,0.046314508,0.010252148,0.01739195,0.08768356,0.014301926,0.04221365,0.016719759,101,2017_6EwizU5W-YFoSbQ40uFJHw_0.jpg,40.737638,-73.879838,a red car parked in front of a store;a red car parked in front of a building;a red car parked on the side of a road;a red car parked on the side of the road;a red car parked on the side of a street
2017_83yjtW4xwzRW-cKH9nhtFA,0.6747417,0.035056263,0.025720924,0.05819577,0.008835703,0.017519563,0.096417874,0.011388004,0.044770807,0.017265111,101,2017_83yjtW4xwzRW-cKH9nhtFA_0.jpg,40.777638,-73.919838,a red car parked on the side of the road;a red car parked on the side of a street;a red car parked on the side of a road;a red car is parked on the side of the street;a red car is parked on the side of the road
2017_RcZfygDd5AMvL2ix2yebgA,0.50370085,0.060904473,0.03368002,0.15757653,0.02715081,0.04244256,0.09278983,0.019063026,0.1837756,0.043034315,101,2017_RcZfygDd5AMvL2ix2yebgA_0.jpg,40.737638,-73.889838,a group of trucks parked in a parking lot;a group of trucks parked on the side of a road;a group of trucks that are sitting in the dirt;a group of trucks that are sitting in a parking lot;a group of trucks are parked in a parking lot
2017_TIMGXEsyWAp4hJx19EjCLA,0.67346674,0.05401823,0.054389358,0.05291754,0.013963461,0.021258205,0.07759258,0.016404957,0.05031672,0.017919183,101,2017_TIMGXEsyWAp4hJx19EjCLA_0.jpg,40.727638,-73.949838,a group of cars that are sitting in the street;a street with cars parked on the side;a street with cars parked on the side of it;a street with cars parked on the side of the road;a group of cars driving down a road next to buildings
2017_03h6t7wS66Kym0m7pP-Fbg,0.60882044,0.035423994,0.022157013,0.08361772,0.010570616,0.020268708,0.08628678,0.009593904,0.0678758,0.020918429,101,2017_03h6t7wS66Kym0m7pP-Fbg_0.jpg,40.727638,-74.049838,a car driving down a street past tall buildings;a road with cars parked on the side of it;a car driving down a street next to tall buildings;a road with cars parked on the side of the road;a road with cars parked on the side and a building
2017_1LVh0XsKLZiloOrB_731OA,0.6494738,0.05568117,0.06714043,0.059681445,0.014749408,0.02072817,0.07476047,0.01718089,0.05655557,0.021299511,101,2017_1LVh0XsKLZiloOrB_731OA_0.jpg,40.757638,-73.829838,a white and red bus driving down a city street;a white and red bus driving down a street;a bus driving down a street next to tall buildings;a red and white bus driving down a street;a white and red bus driving down a road
2017_d4wXpDCu3_3jnWyUhFlZzA,0.5393928,0.058410406,0.031393558,0.14242432,0.025586754,0.04045391,0.08954093,0.01842922,0.16149876,0.039238304,101,2017_d4wXpDCu3_3jnWyUhFlZzA_0.jpg,40.777638,-74.039838,a group of trucks parked outside of a building;a view of a street from a distance;a view of a street from the side of a building;a view of a street from the side of the street;a view of a street from the side of the road
2017_gSCwWzmhUiJimQhqb66oFQ,0.6779857,0.037486076,0.027911365,0.055814594,0.00944531,0.018020034,0.0935747,0.012198776,0.043810815,0.017203838,101,2017_gSCwWzmhUiJimQhqb66oFQ_0.jpg,40.697638,-73.819838,a car parked on the side of the road;a car driving down a street next to houses;a car parked on the side of the road near a building;a car parked on the side of the road near some houses;a car parked on the side of the road in front of a house
2017_iz8Dcm9H7onuFLUxzPgoxA,0.6821818,0.039126545,0.03307897,0.05333066,0.009806097,0.017366737,0.08460024,0.012433499,0.043960124,0.016411334,101,2017_iz8Dcm9H7onuFLUxzPgoxA_0.jpg,40.737638,-73.829838,a car parked on the side of the road;a car parked on the side of the street;a car parked on the side of a street;a car parked on the side of a road near trees;a car parked on the side of a road near some trees
2017_1rxfKTJitHiACx2zSFAF6A,0.6598866,0.034646958,0.0258286,0.0663296,0.009509057,0.017995983,0.08345699,0.010524511,0.051214725,0.017497033,101,2017_1rxfKTJitHiACx2zSFAF6A_0.jpg,40.707638,-73.829838,a white truck driving down a city street;a white truck parked on the side of a road;a white truck parked on the side of the road;a white truck driving down a street next to tall buildings;a white truck driving down a street next to a tree
2017_XlzqJJYM3l0R62YRUFtlAw,0.6464557,0.035706848,0.02947104,0.06420764,0.009869456,0.017894775,0.08153051,0.010794103,0.050227076,0.017405152,101,2017_XlzqJJYM3l0R62YRUFtlAw_0.jpg,40.757638,-73.999838,a food truck parked on the side of the road;a box truck parked on the side of the road;a food truck parked on the side of a street;a food truck parked on the side of a road;a box truck parked on the side of a road
2017_xkEdiFAEYtlEbT8khFs3gQ,0.6859347,0.045710534,0.051846683,0.045508802,0.011279136,0.016814798,0.0849022,0.015804619,0.04245019,0.01701817,101,2017_xkEdiFAEYtlEbT8khFs3gQ_0.jpg,40.707638,-73.939838,a white truck driving down a city street;a white truck driving down a street next to tall buildings;a white truck driving down a street past tall buildings;a white truck driving down a street with tall buildings;a white truck driving down a street next to buildings
2017_P91UXLzFxN64PEV9UUBGtg,0.6032781,0.05219859,0.03829527,0.09489164,0.017345667,0.026894927,0.07829332,0.014603108,0.09989306,0.027393252,101,2017_P91UXLzFxN64PEV9UUBGtg_0.jpg,40.767638,-73.969838,a couple of cars driving down a street;a couple of cars driving down a city street;a couple of cars driving down a road;a couple of cars driving down a street next to tall buildings;a couple of cars driving down a street next to buildings
2017_LwHZJWwbgvRpkpGTsHv9yQ,0.5519125,0.02426076,0.016010433,0.09990108,0.007676572,0.0164769,0.14177006,0.007887244,0.060043395,0.023221105,101,2017_LwHZJWwbgvRpkpGTsHv9yQ_0.jpg,40.697638,-73.889838,a snow covered street next to houses and trees;a snow covered street with houses and trees;a snowy street with a car parked on the road;a snowy street with a car parked on the street;a snowy street with a car parked in the street
2017_g2KbXiVKfbxtROBghXwu2g,0.5863677,0.025797337,0.016762137,0.08844468,0.007445097,0.016004145,0.1271917,0.007686049,0.05874479,0.020543367,101,2017_g2KbXiVKfbxtROBghXwu2g_0.jpg,40.727638,-73.839838,a street with houses in the background and houses in the background;a street with houses in the background and trees in the background;a street with houses in the background and a mountain in the background;a street with houses in the background and a hill in the background;a street with houses in the background and houses in the distance
2017_zE3FTSCQqiXt3nTBfNdkEA,0.6651288,0.051689327,0.05166468,0.05507356,0.013552725,0.020705074,0.076474994,0.015385956,0.053079575,0.018340707,101,2017_zE3FTSCQqiXt3nTBfNdkEA_0.jpg,40.797638,-73.949838,a view of a street from a car window;a view of a city street from a car window;a view of a city street from a window;a view of a city street from inside a car;a parking lot with a few cars parked on the side
2017_WtfU-R4pzWnDjxER66KDrw,0.66726804,0.043000013,0.034678787,0.060432583,0.011942267,0.02044633,0.07642448,0.013283461,0.050626427,0.017390132,101,2017_WtfU-R4pzWnDjxER66KDrw_0.jpg,40.697638,-73.899838,a bus parked on the side of a street;a bus driving down a street next to tall buildings;a bus parked on the side of the road;a white bus driving down a street next to tall buildings;a bus parked on the side of a road next to a building
2017_vd_RJDWmDeXlZfyk0ndDvg,0.6681055,0.056014717,0.059550762,0.05422002,0.014876276,0.021384746,0.07563695,0.017305344,0.051792324,0.018665016,101,2017_vd_RJDWmDeXlZfyk0ndDvg_0.jpg,40.737638,-74.039838,a street with cars parked on the side of it;a view of a city street from the side;a street with cars parked along the side of the road;a street with cars parked on the side of the road;a street with cars parked along the side of the street
2017_c0KUkyEl9AHsz9l-K6Qc-g,0.6847602,0.044092506,0.039892554,0.04962614,0.01071167,0.017975986,0.08173704,0.01338768,0.04453668,0.016066939,101,2017_c0KUkyEl9AHsz9l-K6Qc-g_0.jpg,40.767638,-74.059838,a street with cars parked on the side of the road;a street with cars parked along the side of the road;a parking lot with cars parked on the side of it;a parking lot with cars parked on the side of the road;a parking lot with cars parked along the side of the road
2017_fgyNP1gJwJYsWNAiHSIXkw,0.69145656,0.055150986,0.06415516,0.045074254,0.014225364,0.019464523,0.084114194,0.019451171,0.046425015,0.018677384,101,2017_fgyNP1gJwJYsWNAiHSIXkw_0.jpg,40.787638,-73.969838,a city street with tall buildings and parked cars;a street with parked cars and a building;a street with parked cars and buildings on it;a street with parked cars and buildings on the street;a street with parked cars and buildings on the side
2017_oBn8JxQCwFhEnyLmA7zHzg,0.69061357,0.04680428,0.04584822,0.044858515,0.011318505,0.017813593,0.084961325,0.015514642,0.04241708,0.016996413,101,2017_oBn8JxQCwFhEnyLmA7zHzg_0.jpg,40.757638,-73.879838,a street with cars parked on the side of it;a road with cars parked on the side;a long line of cars driving down a street;a street with cars parked on the side of the road;a road with cars parked on the side and a line of trees
2017_4fJDKj4l9iCSsznjC53q6Q,0.3232157,0.06997612,0.037185878,0.2962947,0.045235395,0.080433995,0.15016958,0.027914047,0.2671606,0.08234808,301,2017_4fJDKj4l9iCSsznjC53q6Q_0.jpg,40.797638,-73.919838,a view of a highway with a train on it;a truck driving down a road next to a bridge;a truck driving down a highway next to a bridge;a truck driving down a road next to a train track;a view of a highway with a train passing by
2017_ASJbq94YOEuLnloR2xLMYw,0.67063886,0.04698229,0.048864186,0.048323363,0.011804819,0.018235654,0.08020741,0.014674842,0.045572907,0.016549796,101,2017_ASJbq94YOEuLnloR2xLMYw_0.jpg,40.717638,-73.839838,a car driving down a street next to tall buildings;a car driving down a street past tall buildings;a view of a street from a car window;a car driving down a street next to a tall building;a view of a street from the side of a building
2017_C24HKejNasvcoiom2EOjEw,0.40296257,0.03940448,0.022098929,0.22046953,0.019461662,0.032599002,0.109819084,0.012580007,0.17111883,0.04545018,301,2017_C24HKejNasvcoiom2EOjEw_0.jpg,40.697638,-73.989838,a car driving down a road next to a forest;a car driving down a road next to trees;a road that has a car driving down the road;a street with a car parked on the side of the road;a street with a car parked on the side of it
2017_Lm2NOGTcKGaNsEdbsk0Tiw,0.35579693,0.09062153,0.043087304,0.28714475,0.052012295,0.09525463,0.12515995,0.034637094,0.29722074,0.08357692,301,2017_Lm2NOGTcKGaNsEdbsk0Tiw_0.jpg,40.797638,-74.039838,a long road with cars driving down it;a long road with cars driving on it;a long road with cars driving down the road;a car driving down a road next to a forest;a highway with cars driving down it and a cloudy sky
2017_qL5kXAQsmtxNn1jhRJgZyA,0.684023,0.041773826,0.037859857,0.046209574,0.010095954,0.01715234,0.088602066,0.01444909,0.041524023,0.017311811,101,2017_qL5kXAQsmtxNn1jhRJgZyA_0.jpg,40.777638,-73.899838,a car driving down a street past a red building;a car driving down a street past a red brick building;a car driving down a street past a building;a view of a street from the side of the road;a view of a street from the side of a road
2017_gwro09mfG43k9BqveIsPDA,0.5409045,0.03663373,0.021635324,0.12811804,0.014290124,0.025111675,0.09085116,0.011005223,0.11068386,0.029784858,101,2017_gwro09mfG43k9BqveIsPDA_0.jpg,40.747638,-73.829838,a street with a few buildings in the background;an empty street with no cars on it;an empty street with no cars on the road;a street with a few houses on the side;a street with a few houses on the side of the road
2017_V4Jbrzrfh_kgyXC_oeuKbA,0.59058,0.044362396,0.026692688,0.10747284,0.015524715,0.028501093,0.08342266,0.012733042,0.09610608,0.026908785,101,2017_V4Jbrzrfh_kgyXC_oeuKbA_0.jpg,40.797638,-74.009838,a group of cars driving down a city street;a city street filled with traffic next to a tall building;a group of cars driving down a street;a city street filled with traffic next to tall buildings;a group of cars parked on the side of the road
2017_kqNq5LrStgCJGh0Kk4YbBA,0.6858634,0.04256752,0.037357748,0.050512373,0.010585785,0.017773211,0.08077353,0.013668507,0.044620723,0.0165914,101,2017_kqNq5LrStgCJGh0Kk4YbBA_0.jpg,40.707638,-73.949838,a car parked in front of a building;a car parked on the side of the road;a car parked on the side of a road;a car parked on the side of a street;a car parked in front of a building with graffiti on it
2017_GdDK0DR0BwRVsfPIEcPwbA,0.41728622,0.06856948,0.040236145,0.21154854,0.030630112,0.05406192,0.10763919,0.022080868,0.23426327,0.057746828,301,2017_GdDK0DR0BwRVsfPIEcPwbA_0.jpg,40.737638,-74.069838,a view of a city street from a distance;a view of a city street from the street;a view of a city street from the intersection;a view of a city street from the side of the road;a view of a city street with buildings and cars
2017_RZHG2H43AVo5qFawWt3bUw,0.6596916,0.060107052,0.082407475,0.056641042,0.016668528,0.021115333,0.07726559,0.020288795,0.054657996,0.022590429,101,2017_RZHG2H43AVo5qFawWt3bUw_0.jpg,40.707638,-74.009838,a city street filled with traffic and tall buildings;a city street filled with lots of traffic;a city street filled with lots of traffic next to tall buildings;a city street with cars parked on the side of the street;a city street filled with lots of traffic next to buildings
2017_djJuFw1VVN7HzsuHKeMkEA,0.6493567,0.03384,0.02365753,0.06471628,0.008756161,0.016892344,0.091076076,0.009830028,0.049182206,0.017239958,101,2017_djJuFw1VVN7HzsuHKeMkEA_0.jpg,40.697638,-73.919838,an empty street in front of a building;an empty street in front of an apartment building;an empty street with a building behind it;an empty street in front of a large building;an empty street in front of a building with a fence
2017_RzDR0ZAaGxkk34y2Hj8Sig,0.49187872,0.03930542,0.01956302,0.16037476,0.017662197,0.033041716,0.107367426,0.012452394,0.12703097,0.03595701,101,2017_RzDR0ZAaGxkk34y2Hj8Sig_0.jpg,40.757638,-73.889838,a car driving down a street past houses;a car parked on the side of the road;a car parked on the side of a street;a car parked on the side of a road;a car parked on the side of a road next to a house
2017_h2FxrtWfnruUk6GzoaOl2g,0.67265266,0.03671378,0.028190643,0.05507964,0.009180814,0.017333329,0.08940932,0.011501223,0.045511514,0.017092109,101,2017_h2FxrtWfnruUk6GzoaOl2g_0.jpg,40.717638,-73.949838,a street corner with a large brick building;a street corner with a building and a stop sign;a street corner with a stop sign and building;a street corner with a stop sign and a building;a street corner with a stop sign and building in the background
2017_OUIFwi-WyYmlZW68pl2-sg,0.43025696,0.022905588,0.02019319,0.12545934,0.009170324,0.015759408,0.18580747,0.007871181,0.07885569,0.030452251,101,2017_OUIFwi-WyYmlZW68pl2-sg_0.jpg,40.707638,-73.979838,a body of water with a city in the background;a large body of water with buildings in the background;a large body of water with a city in the background;a large body of water next to a city skyline;a large body of water surrounded by buildings
2017_DtJdvOwIKTdgoXec8baIbA,0.66843843,0.034803897,0.026735455,0.05504346,0.00865832,0.016583055,0.09857717,0.011177152,0.045192897,0.017269373,101,2017_DtJdvOwIKTdgoXec8baIbA_0.jpg,40.737638,-73.899838,a view of a street from a car window;a view of a street from the side of the road;a view of a street from the side;a view of a city street from the street;a view of a street from the side of the street
2017_n7A3NIqaNDXVDqtYAFf0dQ,0.59585714,0.031797618,0.03157991,0.060228884,0.008725911,0.015036941,0.13459784,0.010248333,0.042888254,0.019645244,101,2017_n7A3NIqaNDXVDqtYAFf0dQ_0.jpg,40.727638,-73.989838,the television is on the wall of the store;the television is on the wall of a store;a store front with a television on the wall;the television is on the wall of a building;the television is on the wall of the building
2017_bEP2QW87QgXkmIPKYJ0Wvg,0.66538334,0.05997321,0.07343945,0.060015142,0.016506135,0.02177748,0.072806776,0.019570619,0.05906388,0.022247702,101,2017_bEP2QW87QgXkmIPKYJ0Wvg_0.jpg,40.767638,-73.989838,a city street filled with traffic next to tall buildings;a city street filled with traffic surrounded by tall buildings;a city street filled with tall buildings and traffic;a city street filled with tall buildings and lots of traffic;a city street filled with tall buildings and lots of tall buildings
2017_S3I9L5LJxcX8Wy1GcX_UBg,0.6877319,0.043724954,0.0371086,0.048386484,0.01075381,0.01807201,0.08702555,0.014406771,0.042530745,0.016530693,101,2017_S3I9L5LJxcX8Wy1GcX_UBg_0.jpg,40.767638,-73.909838,a group of cars parked on the side of the road;a row of cars parked on the side of a road;a group of cars parked on the side of a road;a row of cars parked on the side of the road;a street with cars parked on the side of the road
2017_ZLA2IrrHPRx9rsYI4OB0RQ,0.53143406,0.024488956,0.021279365,0.09106946,0.007623315,0.014412582,0.14621106,0.007857859,0.06007433,0.024902225,101,2017_ZLA2IrrHPRx9rsYI4OB0RQ_0.jpg,40.717638,-74.009838,a kitchen with a lot of food inside of it;a kitchen with a lot of food on display;a kitchen with a lot of counter space and food on it;a kitchen with a lot of counter space and food;a kitchen with a lot of counter space and food on the counter
2017_n7atq5CNR7f-hmhaAtJqGQ,0.6358759,0.03102076,0.019960314,0.07993513,0.009385675,0.019208372,0.10588759,0.010235399,0.05135551,0.019986093,101,2017_n7atq5CNR7f-hmhaAtJqGQ_0.jpg,40.707638,-73.959838,a truck driving down a street next to trees;a truck driving down a road next to a forest;a truck driving down a street next to a building;a truck driving down a road next to a building;a semi truck driving down a street next to a tall building
2017_OhwTeKW7DK1NaXb4bMMAFQ,0.66352344,0.057079762,0.060497254,0.05978346,0.015808254,0.022033453,0.07272279,0.017338067,0.05799967,0.020394176,101,2017_OhwTeKW7DK1NaXb4bMMAFQ_0.jpg,40.747638,-73.989838,a group of cars driving down a city street;a group of cars that are sitting in the street;a group of cars driving down a street;a group of cars driving down a busy street;a group of cars driving down a street next to tall buildings
2017_azcFA-dejMsIc_QjGdytjg,0.37467426,0.086683095,0.043037742,0.25673535,0.049127072,0.086393446,0.121263266,0.033748537,0.2856588,0.0809609,301,2017_azcFA-dejMsIc_QjGdytjg_0.jpg,40.807638,-74.079838,the view of a highway from a vehicle;a view of a highway from a vehicle;the view of a highway from a highway;a view of an empty highway from a vehicle;a view of a highway from a vehicle driving down a highway
2017_E_wsVCiGvymmqQSGxASVAA,0.68661827,0.040436566,0.034930468,0.04985416,0.010140002,0.017331213,0.08565718,0.01349324,0.042865515,0.01641661,101,2017_E_wsVCiGvymmqQSGxASVAA_0.jpg,40.757638,-73.869838,a few cars parked on the side of the road;a car parked on the side of the road;a few cars parked on the side of a road;a white truck driving down a street next to tall buildings;a white truck driving down a street next to a tall building
2017_gOnK78Dxt-wStk9rO0PB7g,0.29818505,0.0289509,0.022543073,0.2775777,0.013647884,0.027487218,0.21022359,0.010858208,0.10197982,0.055724174,301,2017_gOnK78Dxt-wStk9rO0PB7g_0.jpg,40.697638,-74.049838,a view of a street from the side of the road;a view of a street with a grassy field;a view of a street from the side of a road;a view of an empty street with a view of the city;a view of an empty street with a view of the beach
2017_bG21xhHuzbi1EjmYTCZXLw,0.5890275,0.0307132,0.017964602,0.0977239,0.009914339,0.019874305,0.102283776,0.008622021,0.07706267,0.022841483,101,2017_bG21xhHuzbi1EjmYTCZXLw_0.jpg,40.787638,-73.849838,a view of a house from across the street;a view of a house from the side;a white house sitting next to a forest;a view of a house from the side of the street;a view of a house from the side of the road
2017_AKsDJ29kFsmYP0tVERFKQw,0.64708745,0.031018853,0.021183372,0.06672314,0.008095682,0.017462045,0.121572405,0.009940147,0.04840204,0.019236624,101,2017_AKsDJ29kFsmYP0tVERFKQw_0.jpg,40.717638,-73.849838,a view of a residential street with houses and trees;a view of a residential area from a residential area;a view of a residential street with houses and houses;a view of a residential street with houses and houses in the background;a view of a residential street with houses and houses in background
2017_AKjE-ylNSvCRydqqHXKp5Q,0.66646683,0.03408724,0.027811885,0.05108881,0.008036912,0.015807658,0.10893205,0.010932952,0.04091397,0.017033547,101,2017_AKjE-ylNSvCRydqqHXKp5Q_0.jpg,40.747638,-73.879838,a view of a street from the side of the road;a view of a street from the side of the street;a view of a street from the side of a building;a view of a street from the street;a view of a street from the side of a road
2017_zvAt2E97K-_GakLpb7lv6w,0.5860168,0.060217917,0.036756903,0.10606629,0.02365455,0.03419757,0.083449006,0.01855442,0.12247828,0.032197386,101,2017_zvAt2E97K-_GakLpb7lv6w_0.jpg,40.747638,-73.939838,a group of cars driving down a street;a group of cars driving down a road;cars are parked on the side of the road;cars are parked on the side of the street;cars are parked on the side of a road
2017_f1-sApIvmMmUHMn3KXFdSQ,0.5817549,0.038870156,0.022964448,0.11778957,0.015351385,0.02618283,0.083881766,0.012284845,0.09683931,0.027818471,101,2017_f1-sApIvmMmUHMn3KXFdSQ_0.jpg,40.777638,-74.019838,a car driving down a street next to tall buildings;a car parked on the side of a street;a car parked on the side of the road;a car parked on the side of the street;a car parked on the side of a street near buildings
2017_RKQU95DPr51yJQJ9D919bQ,0.45390806,0.05309874,0.027768105,0.19584507,0.0252603,0.045755535,0.0999071,0.017529994,0.19331697,0.04812774,101,2017_RKQU95DPr51yJQJ9D919bQ_0.jpg,40.717638,-74.079838,an empty street with no cars on it;an empty street with no cars on the street;a view of a street from the corner of a street;a view of a street from the corner of a building;a view of a street from the corner of a city street
2017_NdwUzxGPvWX9TEW_6OGlmw,0.3849349,0.034600675,0.018819451,0.22809196,0.018121868,0.031419188,0.12516147,0.010870129,0.16299438,0.045226157,301,2017_NdwUzxGPvWX9TEW_6OGlmw_0.jpg,40.797638,-74.029838,a view of a street corner with power lines in the background;a view of a street with power lines above;a view of a street with power lines and power lines;a view of a street with power lines in the background;a view of a grassy area with power lines in the background
2017_XKP2ppsaCc19ua0Pt-Li9Q,0.6884248,0.044418395,0.043332398,0.041804105,0.010531306,0.016987711,0.09186274,0.015554488,0.040133953,0.016999662,101,2017_XKP2ppsaCc19ua0Pt-Li9Q_0.jpg,40.737638,-74.029838,a group of cars parked on the side of the road;a group of cars driving down a street;a group of cars that are sitting in the street;a group of cars parked on the side of a road;a group of cars driving down a street next to tall buildings
2017_CCXAPFqso49534AUJSO6dQ,0.6588182,0.044374824,0.034922063,0.067046374,0.012556493,0.021419287,0.076491326,0.012902141,0.05855769,0.0186733,101,2017_CCXAPFqso49534AUJSO6dQ_0.jpg,40.757638,-73.909838,a long line of parked cars on a city street;a group of cars parked on the side of a road;a long line of parked cars on a street;a long line of cars parked on the side of the road;a group of cars parked on the side of the road
2017_qVJeSVw9ytPZ-RpcGSD25A,0.66507983,0.04830107,0.047724485,0.058830827,0.013040602,0.020625979,0.07693127,0.014558524,0.05212763,0.017891377,101,2017_qVJeSVw9ytPZ-RpcGSD25A_0.jpg,40.727638,-74.079838,a street with houses and cars on the street;a street with houses and cars parked on the side of the street;a road with houses and cars parked on the side;a street with houses and cars parked on the side of the road;a road with houses and cars parked on the street
2017_YHgRKvmBjXjJEuOIP_aFWQ,0.62378156,0.03829667,0.024419755,0.09036258,0.013084948,0.023194581,0.08125836,0.012024432,0.06908518,0.022380173,101,2017_YHgRKvmBjXjJEuOIP_aFWQ_0.jpg,40.717638,-73.899838,a group of cars parked on the side of a road;a group of cars parked on the side of the road;cars are parked on the side of the road;a group of cars parked in a parking lot;cars are parked on the side of the street
2017_fvCN-VDh82-Ozra6W4F2kA,0.60826164,0.039349645,0.030147195,0.08027372,0.011670977,0.019595146,0.08086243,0.010829598,0.07109171,0.021442264,101,2017_fvCN-VDh82-Ozra6W4F2kA_0.jpg,40.697638,-73.949838,a street corner with a large building in the background;a street corner with a red brick building;a city street intersection with a red light;a street corner with a red brick building in the background;a street corner with a red brick building in the middle
2017_ijJBJQm1ybvopgIzvWzivw,0.54829204,0.06247729,0.032800704,0.13414946,0.026803106,0.04238376,0.08692938,0.019198269,0.15587744,0.03838733,101,2017_ijJBJQm1ybvopgIzvWzivw_0.jpg,40.797638,-73.929838,a street with cars and a bus on it;a street with cars and buses on it;a view of a street from the side of the road;a road with cars and a bus driving down it;a view of a street from the side of a road
2017_H6iNn1Q7TKQ-yp6IxICL9g,0.6166711,0.040954977,0.031529695,0.08120558,0.011980057,0.019793153,0.07915977,0.011228114,0.06922367,0.020994097,101,2017_H6iNn1Q7TKQ-yp6IxICL9g_0.jpg,40.727638,-74.039838,a street with a traffic light next to it;a street with a traffic light next to a street;a city street with a street light and street signs;a city street with a street light and street lights;a city street with a traffic light next to a street
2017_53Yxm9o1b5yijUYDNW8yhA,0.22465515,0.07539892,0.046839565,0.39273036,0.045185,0.089717984,0.18567902,0.03061074,0.27945226,0.11192563,301,2017_53Yxm9o1b5yijUYDNW8yhA_0.jpg,40.727638,-74.019838,a large body of water at night time;a large body of water with a bridge in the background;a large body of water with a bridge in it;a large body of water at night with lights on;a large body of water with a bridge in the back
2017_yhj2V8lK2dYoUezquwGsZA,0.6548654,0.037639946,0.029785484,0.06914911,0.01089111,0.01930064,0.07684341,0.011532486,0.054371774,0.01819548,101,2017_yhj2V8lK2dYoUezquwGsZA_0.jpg,40.767638,-74.029838,a blue car driving down a street past tall buildings;a blue car parked on the side of the road;a blue car driving down a street next to tall buildings;a blue car parked on the side of the street;a blue car parked on the side of a road
2017_uFXPIF7OxfS67t2fUvGD1w,0.66732615,0.05577296,0.06787285,0.048303783,0.014421582,0.020016432,0.07977447,0.018010437,0.047691673,0.018425375,101,2017_uFXPIF7OxfS67t2fUvGD1w_0.jpg,40.727638,-73.859838,a red car parked on the side of a street;a red car parked on the side of the road;a red car parked on the side of a road;a red car parked in front of a building;a red car parked in front of a red car
2017_h8dRjw3mQV_y2TeLDYICCA,0.49283433,0.042607337,0.022078216,0.1654005,0.019619286,0.033234566,0.097789735,0.013660729,0.14807841,0.03806904,101,2017_h8dRjw3mQV_y2TeLDYICCA_0.jpg,40.757638,-73.849838,the back of a truck driving down a highway;the back of a truck driving down the road;the back of a truck driving down a road;a semi truck driving down a highway near a field;a semi truck driving down a highway next to a field
2017_lH9e7SBkkTfc8GKw_gvlZA,0.6822872,0.042448074,0.034485787,0.05701369,0.011285543,0.019410312,0.07852337,0.013330132,0.048338056,0.017177612,101,2017_lH9e7SBkkTfc8GKw_gvlZA_0.jpg,40.727638,-73.869838,a white truck driving down a street next to houses;a truck driving down a road next to houses;a white car driving down a street next to houses;a white truck driving down a street next to a tall building;a white car driving down a street next to a tall building
2017_pEWOB-y6j13wI0bZGT0brw,0.4674253,0.06288388,0.03530425,0.1816665,0.028809577,0.04973215,0.09973413,0.020098805,0.20835987,0.050181687,504,2017_pEWOB-y6j13wI0bZGT0brw_0.jpg,40.727638,-74.009838,a truck driving down a street past tall buildings;a truck driving down a road next to tall buildings;a highway with a red truck driving down it;a truck driving down a street past a tall building;a truck driving down a road next to a tall building
2017_CX-bWilqTILP2fBrJjxgrA,0.36640257,0.0705421,0.035288185,0.26115024,0.03753674,0.076573074,0.11804563,0.025613219,0.25739717,0.06817338,301,2017_CX-bWilqTILP2fBrJjxgrA_0.jpg,40.747638,-73.969838,a view of the inside of a train;a view of a subway train from above;a view of the inside of a train at night;a view of the inside of a train car;a view of the inside of a train at night time
2017_uDAi43QJUbq8oD5RoMn8QQ,0.657501,0.034739852,0.024811149,0.06274733,0.009110689,0.01793933,0.09263414,0.010087729,0.05100459,0.017506361,101,2017_uDAi43QJUbq8oD5RoMn8QQ_0.jpg,40.787638,-74.009838,a kite that is flying in the air;a kite that is being flown over a street;a kite that is being flown in the air;a kite that is flying in the air over a street;a kite that is flying in the air over the street
2017_OdnSKJEdm7yPM_8Wxj_Q5w,0.67195135,0.03476262,0.027492821,0.051149756,0.008614272,0.016135871,0.099526405,0.011383742,0.041141182,0.016492218,101,2017_OdnSKJEdm7yPM_8Wxj_Q5w_0.jpg,40.777638,-73.839838,a car parked on the side of the road;a car driving down a street past houses;a car parked on the side of the street;a car parked on the side of a road;a car parked on the side of the road in a residential area
2017_MBvE3jDyNtdSz1VzBbnXMg,0.5693389,0.025968075,0.021885395,0.07529631,0.007712513,0.015940845,0.19704622,0.009379238,0.04476142,0.023568422,101,2017_MBvE3jDyNtdSz1VzBbnXMg_0.jpg,40.797638,-73.819838,a view of a neighborhood street from the side;a view of a neighborhood street from the side of the road;a view of a tree lined street from the side;a view of a tree lined street from the sidewalk;a view of a tree lined street from the side of the road
2017_fcB6A2mPgqPykiv9c78fHQ,0.6664206,0.059017956,0.069551796,0.05357498,0.016377449,0.02187419,0.07425821,0.018857062,0.054255247,0.020181835,101,2017_fcB6A2mPgqPykiv9c78fHQ_0.jpg,40.717638,-73.989838,a car driving down a street next to tall buildings;a truck driving down a city street past buildings;a car driving down a street next to buildings;a truck driving down a city street next to buildings;a truck driving down a city street next to tall buildings
2017_cZLL_Ub3GZ6yrmxjtDaXkg,0.3702386,0.031256735,0.019240707,0.22912028,0.016776472,0.029552847,0.1379089,0.010565311,0.14899984,0.04554212,301,2017_cZLL_Ub3GZ6yrmxjtDaXkg_0.jpg,40.707638,-73.849838,a car driving down a road next to a forest;a car driving down a street next to a forest;a car driving down a street next to trees;a car driving down the road in the day;a car driving down the road in the middle of the day
2017_wdtRyalWdOYP97Mb1m446Q,0.66898936,0.039495617,0.03166884,0.05652982,0.009989768,0.018127412,0.08381039,0.011831045,0.04688856,0.016915351,101,2017_wdtRyalWdOYP97Mb1m446Q_0.jpg,40.727638,-73.819838,a long line of cars driving down a street;a car driving down a street next to houses;a street with cars parked on the side of the road;a street with cars parked on the side of it;a street with cars parked on the side of the street
2017_kYxHe_Gpr_WUV2WmNlT3xw,0.34334525,0.048150122,0.025869697,0.27143347,0.026270509,0.05011356,0.13587219,0.016685009,0.21318588,0.06027192,301,2017_kYxHe_Gpr_WUV2WmNlT3xw_0.jpg,40.737638,-73.849838,a car driving down a highway near a bridge;a car driving down a highway next to a bridge;a view of a highway from a vehicle;a car driving down a highway near a building;a view of a highway from a car window
2017_1WnF2kb9ZVPkpKCkDUK3SQ,0.68493265,0.039928973,0.0335429,0.051501304,0.010126531,0.01750651,0.08430666,0.013326198,0.043327212,0.016477287,101,2017_1WnF2kb9ZVPkpKCkDUK3SQ_0.jpg,40.697638,-73.839838,a car parked on the side of the road;a car parked on the side of a road;a car parked on the side of a street;a street with cars parked along the side of it;a street with cars parked on the side of the road
2017_06H5AAcc8Ry7a3TGER8qSg,0.2792812,0.093263865,0.055554032,0.35198325,0.06383145,0.11210671,0.17346343,0.040335417,0.29936704,0.122781545,301,2017_06H5AAcc8Ry7a3TGER8qSg_0.jpg,40.697638,-73.929838,a view of a city street from a distance;an empty parking lot next to a building;a view of a city street with buildings in the background;a view of a city street with a fence;a view of a city street with buildings and a fence
2017_SI6DHcfJswd2scMVb10MrA,0.59714854,0.038241714,0.02506885,0.10265085,0.013710082,0.022903323,0.08017805,0.011492193,0.085911304,0.024931997,101,2017_SI6DHcfJswd2scMVb10MrA_0.jpg,40.737638,-73.929838,a truck driving down a street next to buildings;a couple of cars driving down a city street;a couple of cars driving down a street;a couple of cars driving down a street next to buildings;a truck driving down a street next to a building
2017_JEppPltzEz6Dhcp_vmJxIA,0.6804046,0.03937757,0.03277296,0.04976046,0.009470612,0.01711142,0.09242687,0.013236761,0.04202342,0.017074108,101,2017_JEppPltzEz6Dhcp_vmJxIA_0.jpg,40.697638,-73.849838,a car parked on the side of the road;a car parked on the side of a street;a car parked on the side of the street;a car parked on the side of a road near a house;a car parked on the side of a road near a building
2017_8GuchwNBOCcuG6phd2l-6Q,0.62728274,0.0501664,0.038892984,0.08473915,0.016488373,0.02537179,0.07335928,0.014602631,0.080397666,0.024416238,101,2017_8GuchwNBOCcuG6phd2l-6Q_0.jpg,40.757638,-73.919838,a long line of cars driving down a street;a long line of cars driving down a road;a long line of cars driving down a city street;a view of a street from the middle of the day;a view of a street from the middle of a street
2017_r3tzQzDPTHqGeasuZUAKxQ,0.6814333,0.048980713,0.05173087,0.050207198,0.012681216,0.019219369,0.076942205,0.015832871,0.04770729,0.017166495,101,2017_r3tzQzDPTHqGeasuZUAKxQ_0.jpg,40.757638,-73.979838,a red car driving down a street next to tall buildings;a red car driving down a city street;a red car driving down a street next to buildings;a red car driving down a street past tall buildings;a red car driving down a street next to a tall building
2017_BJZgOKJVUlhaLOOQVV3-iw,0.6288494,0.039118946,0.029111505,0.075099766,0.011707366,0.020270348,0.08040622,0.010798603,0.065093845,0.02032718,101,2017_BJZgOKJVUlhaLOOQVV3-iw_0.jpg,40.717638,-73.959838,a view of a city street from across the street;a view of a city street from the street;a view of a city street from the sidewalk;a view of a city street from the UNK;a view of a street from the side of a road
2017_ez1nxXQ6IH6wwz19hkqPiw,0.6694366,0.042008758,0.029549241,0.06390256,0.011384904,0.021204144,0.08204326,0.012406886,0.05383718,0.01802966,101,2017_ez1nxXQ6IH6wwz19hkqPiw_0.jpg,40.747638,-73.819838,a street with cars parked on the side;a street with cars parked on the side of the road;a group of cars driving down a city street;a street with cars parked on the side of it;a group of cars driving down a street next to buildings
2017_jskDvqzGkPKOBFtdn_BxKg,0.6841947,0.050848365,0.047613442,0.05080542,0.013116986,0.020206034,0.07774863,0.01605615,0.047425866,0.017149568,101,2017_jskDvqzGkPKOBFtdn_BxKg_0.jpg,40.717638,-73.939838,a street with cars parked on the side of the road;a street filled with lots of traffic next to tall buildings;a street with cars parked on the side of the street;a street with cars parked along the side of it;a street with cars parked along the side of the road
2017_ILHFvG6NdgVWCs8ZKASRjQ,0.6848727,0.04061854,0.037398934,0.043753028,0.009584367,0.016483366,0.09395632,0.014019907,0.03931582,0.016447634,101,2017_ILHFvG6NdgVWCs8ZKASRjQ_0.jpg,40.737638,-73.919838,a group of cars parked on the side of a street;a group of cars parked on the side of a road;a group of cars parked on the side of the road;a car parked on the side of a street;a long line of cars parked on the side of a road
2017_WBujIORBW0xluMt92KHV-Q,0.6869652,0.04160911,0.036261737,0.046111345,0.010015368,0.016987652,0.089332014,0.013960749,0.04210031,0.01658243,101,2017_WBujIORBW0xluMt92KHV-Q_0.jpg,40.777638,-74.029838,a car parked on the side of the road;several cars parked on the side of a road;a car driving down a street next to a building;a car parked on the side of a road;a car parked on the side of a road next to a building
2017_MxqXwmgV5eKchFIRFZV4dQ,0.3560412,0.025041133,0.022639662,0.20653972,0.010952443,0.020845383,0.2233054,0.009625942,0.07301146,0.045548648,301,2017_MxqXwmgV5eKchFIRFZV4dQ_0.jpg,40.797638,-73.959838,a dirt road is shown with trees and grass;a dirt road is shown with trees on each side;a paved road leading to a park area;a dirt road is shown with trees on both sides;a dirt road is shown with trees and grass on it
2017_rub1Ad8E3kaTZvb1B1W2Dg,0.6372351,0.046407193,0.030192524,0.07958922,0.014462382,0.025378585,0.0811536,0.013480276,0.06940073,0.02130267,101,2017_rub1Ad8E3kaTZvb1B1W2Dg_0.jpg,40.707638,-73.909838,a long road with a few cars parked on it;a long road with a red car driving down the road;a long road with a few cars parked on the side of it;a view of a street from the side of a road;a long road with a few cars parked on the side
2017_B_ognaCvBJyCOwK8zL4GzA,0.5393037,0.03936702,0.019497633,0.13417369,0.015888274,0.029251277,0.0973618,0.011991024,0.105849355,0.030490905,101,2017_B_ognaCvBJyCOwK8zL4GzA_0.jpg,40.717638,-73.889838,a street with a few cars driving down it;a street with a few cars parked on the side of it;a street with a few cars parked on the side of the road;a street with houses on both sides of it;a street with a few cars parked on the side
2017_p8nMmvxAd1TShT-qslv-Xw,0.6865424,0.051075995,0.05345437,0.043760538,0.012537092,0.018269688,0.0837422,0.017616808,0.0438326,0.017440915,101,2017_p8nMmvxAd1TShT-qslv-Xw_0.jpg,40.767638,-73.819838,a group of cars parked on a city street;a group of cars parked on the side of a road;a group of cars parked on the side of the road;a group of cars parked along a city street;a group of cars parked on the side of a street
2017_Uo_SVBXoe7mi20HPpwAhbg,0.6575212,0.05636111,0.057828784,0.059943527,0.015598655,0.021642119,0.07260606,0.017206818,0.057962626,0.020316362,101,2017_Uo_SVBXoe7mi20HPpwAhbg_0.jpg,40.787638,-73.979838,a group of cars parked on the side of a road;a group of cars parked on the side of a street;a group of cars parked on the side of the road;a group of cars parked on the side of the street;a group of cars parked on the street
2017_mEAyJE_zUbYexVprSzRaRw,0.65822524,0.043827713,0.03289339,0.06689143,0.012135774,0.021703035,0.07750657,0.013019741,0.05452925,0.018587172,101,2017_mEAyJE_zUbYexVprSzRaRw_0.jpg,40.747638,-74.059838,a couple of cars parked on the side of a road;a car parked on the side of the road;a couple of cars parked on the side of a street;a car parked on the side of a street;a car parked on the side of the street
2017_OJ7ILH_zcGURYIQS6Z6brw,0.65959746,0.056428403,0.06614545,0.053827703,0.015328258,0.021046042,0.0733259,0.017790616,0.052837938,0.019801289,101,2017_OJ7ILH_zcGURYIQS6Z6brw_0.jpg,40.717638,-73.999838,a blue car driving down a street next to tall buildings;a blue car driving down a street past tall buildings;a blue car driving down a city street;a blue car driving down a street next to buildings;a blue car driving down a street past buildings
2017_colXbVIVtaKwirD8jYmxuA,0.4994062,0.040672272,0.019328564,0.16290477,0.018540233,0.033157557,0.10008538,0.012885153,0.13144559,0.036459118,101,2017_colXbVIVtaKwirD8jYmxuA_0.jpg,40.707638,-73.819838,a long road with cars parked on the side;a long road lined with parked cars on the side;a long road with cars parked on the side of it;a long road with cars parked along side of it;a long road with cars parked on the side of the road
2017_h8EOBhugbpxGBwE-zunJ5g,0.62325954,0.0457038,0.04366541,0.06850228,0.012498915,0.0184668,0.08179143,0.012869805,0.064285666,0.021410286,101,2017_h8EOBhugbpxGBwE-zunJ5g_0.jpg,40.707638,-73.899838,a city street filled with lots of traffic;a group of cars driving down a city street;a group of cars driving down a street;a group of cars driving down a street next to tall buildings;a city street filled with lots of traffic and tall buildings
2017_jiwF3HYWe-0tshsF8vQikQ,0.6478708,0.049720556,0.049614847,0.06073755,0.013375312,0.020143658,0.07427353,0.014481545,0.054970413,0.018989056,101,2017_jiwF3HYWe-0tshsF8vQikQ_0.jpg,40.737638,-73.859838,a street with cars and buildings in the background;a street with cars parked on the side of the road;a street with cars parked on the side of it;a city street with a large building in the background;a street with cars parked on the side of the street
2017_a_-lnd-KBl2UYMH3WIJzVQ,0.67937386,0.050455183,0.054318726,0.050178856,0.012696445,0.019124836,0.07764578,0.015989244,0.047080934,0.017303526,101,2017_a_-lnd-KBl2UYMH3WIJzVQ_0.jpg,40.787638,-73.949838,a group of cars driving down a city street;a group of cars parked on the side of the road;a group of cars driving down a street next to tall buildings;a group of cars driving down a street;a group of cars parked on the side of a road
2017_aUzpL_Oq54eEKgyXqF1Mzg,0.6828614,0.038736045,0.0367018,0.042947114,0.008952558,0.015689045,0.10093409,0.013351232,0.03844613,0.016634166,101,2017_aUzpL_Oq54eEKgyXqF1Mzg_0.jpg,40.757638,-74.049838,a car parked on the side of a street;a car parked on the side of the street;a car parked on the side of the road;a car parked on the side of a road;a car parked on the side of a street near houses
2017_dZ0nsMAaFgffTjM_exRTpw,0.68881625,0.04346323,0.03865093,0.04797381,0.010603279,0.01774761,0.08673081,0.014602244,0.042913854,0.016982883,101,2017_dZ0nsMAaFgffTjM_exRTpw_0.jpg,40.807638,-74.009838,a car driving down a street next to houses;a car driving down a street past houses;a car driving down a road next to houses;a car driving down a street next to a house;a car parked on the side of a road near houses
2017_jwShPrD9s2s5VOZO25IclA,0.6610832,0.034597486,0.03442934,0.046640605,0.008269817,0.014592081,0.11293447,0.011459619,0.04019311,0.016962439,101,2017_jwShPrD9s2s5VOZO25IclA_0.jpg,40.747638,-73.979838,a view of a city street from the sidewalk;a city street with a building and a street;a view of a city street with a building behind it;a view of a city street with a snow covered sidewalk;a view of a city street with a snow covered street
2017_twlxt476RQWBWkYFySogxw,0.50321734,0.04551062,0.023504823,0.15370163,0.020122558,0.03482613,0.09644702,0.013967633,0.15033329,0.038084567,101,2017_twlxt476RQWBWkYFySogxw_0.jpg,40.717638,-73.819838,a view of a street from the side of the road;a view of a street from the street;a view of a street from the side of a street;a street with cars parked on the side of the road;a view of a street from the side of a road
2017_b0Hgv831LjJbagbEml7-Pw,0.66758627,0.0444538,0.041116,0.06325728,0.012820989,0.019945592,0.07158679,0.013915598,0.055603236,0.018147916,101,2017_b0Hgv831LjJbagbEml7-Pw_0.jpg,40.737638,-73.989838,a white truck driving down a city street;a truck driving down a street next to tall buildings;the back of a truck driving down a street;a white truck driving down a street next to tall buildings;the back of a truck driving down a city street
2017_fqJwd9K9mu1g6f-WLMb8zw,0.5895062,0.045943588,0.02622804,0.112076014,0.018289924,0.030454248,0.08320999,0.014841914,0.101451546,0.02925235,101,2017_fqJwd9K9mu1g6f-WLMb8zw_0.jpg,40.767638,-73.869838,a couple of cars driving down a street;a couple of cars that are parked on a street;a couple of cars parked on the side of a road;several cars are parked on the side of the road;a couple of cars parked on the side of a street
2017_-9Su6579C6s1rx-Pp5Ai3Q,0.6581032,0.062252104,0.09120792,0.05225271,0.017544419,0.021911353,0.081171185,0.021527737,0.052425325,0.022219956,101,2017_-9Su6579C6s1rx-Pp5Ai3Q_0.jpg,40.797638,-73.939838,a city street filled with traffic surrounded by tall buildings;a city street filled with traffic next to tall buildings;a city street filled with traffic next to buildings;a city street with cars and buildings on it;a city street with cars and buildings on each side
2017_slWA5kJuKRhWEm-9rBPxrA,0.68385327,0.037308156,0.033345222,0.04699281,0.009005308,0.016302735,0.09667009,0.013045013,0.039604485,0.016630292,101,2017_slWA5kJuKRhWEm-9rBPxrA_0.jpg,40.797638,-74.019838,a car parked on the side of the road;a car parked on the side of a street;a car parked on the side of a road;a car parked on the side of a road near a house;a street with cars parked on the side and a building
2017_FUFQTUJHTtdmhFWICbImog,0.6359294,0.039942503,0.0265207,0.08149558,0.012537211,0.022447228,0.08057997,0.012078673,0.06333873,0.020766705,101,2017_FUFQTUJHTtdmhFWICbImog_0.jpg,40.787638,-73.839838,a truck parked in front of a building;a truck parked in front of a brown building;a truck parked in a parking lot next to a building;a truck parked in front of a large brown building;a truck parked in a parking lot next to a tall building
2017_-5bZYRBcj4JBzD23KHCn-Q,0.6732396,0.048910677,0.04982993,0.049556673,0.012150764,0.019100845,0.07858795,0.015066236,0.047923148,0.01730597,101,2017_-5bZYRBcj4JBzD23KHCn-Q_0.jpg,40.717638,-73.979838,a group of cars driving down a street;a group of cars driving down a road;a group of cars driving down a street next to tall buildings;several cars parked on the side of the road;several cars parked on the side of a road
2017_dxs34ptBdpTGDHCH33JdLQ,0.6692872,0.04734677,0.043145984,0.055475593,0.012309819,0.020091861,0.074691445,0.014339,0.04921648,0.016896516,101,2017_dxs34ptBdpTGDHCH33JdLQ_0.jpg,40.727638,-73.849838,a blue truck parked in front of a building;a blue and white truck parked in front of a building;a view of a city street from the street;a blue truck parked in front of a tall building;a blue and white truck parked in front of buildings
2017_ckHPZweaEoBhZW13rqHRBg,0.47387424,0.024714679,0.030373782,0.09127256,0.008966357,0.014012367,0.27555153,0.009201914,0.04841253,0.030008644,502,2017_ckHPZweaEoBhZW13rqHRBg_0.jpg,40.767638,-73.979838,a grassy field with a fence and trees;a park filled with green grass and trees;a grassy area with a fence and trees;a park filled with green grass and a fence;a grassy field with trees and a fence
2017_CVETIfPQV95pWQ_qnKs63w,0.6486335,0.063993335,0.107527554,0.05306068,0.019433409,0.022465378,0.08501005,0.023561597,0.053318888,0.024388254,101,2017_CVETIfPQV95pWQ_qnKs63w_0.jpg,40.757638,-73.989838,a city street with cars and buildings on it;a busy city street in a city with tall buildings;a busy city street with cars and people crossing the street;a city street with cars and people walking on it;a city street with cars and people walking on the sidewalk
2017_rPDrm4jo-WSDQPVHQ4p2Xw,0.39824617,0.09014976,0.044804424,0.239476,0.04760617,0.086436,0.11191535,0.034163803,0.2749722,0.07692239,301,2017_rPDrm4jo-WSDQPVHQ4p2Xw_0.jpg,40.757638,-73.959838,a highway filled with lots of traffic and traffic;a highway filled with lots of traffic under a bridge;a highway filled with lots of traffic on it;a highway filled with lots of traffic next to a train track;a highway filled with lots of traffic near a train
2017_joxqW1Y7vq6gsXWvajVk3w,0.61523104,0.0386371,0.0231753,0.10109696,0.013687342,0.024160266,0.08568013,0.011760026,0.08006382,0.02382961,101,2017_joxqW1Y7vq6gsXWvajVk3w_0.jpg,40.797638,-74.059838,a couple of cars driving down a street;a car driving down a street next to a tree;a car driving down a road next to houses;a car driving down a road next to a tree;a couple of cars driving down a street next to houses
2017_B2YtyGFR3wgENkxgHoNtKw,0.3398258,0.029974163,0.019637823,0.25083673,0.014643937,0.027486175,0.16809309,0.010205627,0.131818,0.046848506,301,2017_B2YtyGFR3wgENkxgHoNtKw_0.jpg,40.707638,-74.059838,a view of a road from a vehicle;a view of a street from a vehicle;a view of a road from a car window;a long road with a street light and a street light;an empty highway with a street light and a blue sky
2017_vg4AfZ3zYOj3es26XJOoVg,0.5973551,0.029770464,0.018255174,0.09658852,0.009651125,0.019578397,0.09851247,0.009121776,0.06254488,0.0215002,101,2017_vg4AfZ3zYOj3es26XJOoVg_0.jpg,40.777638,-73.819838,a street with a few houses in the background;a street with a few houses on the side;a view of a residential area with houses and houses;a street with a few houses on the side of it;a street with a few houses on the side of the road
2017_2OSnw1PVCsXqoQ4C4Kpx_g,0.6864646,0.042174667,0.03605494,0.04867053,0.010165185,0.01752758,0.08901596,0.014037162,0.042200536,0.016854882,101,2017_2OSnw1PVCsXqoQ4C4Kpx_g_0.jpg,40.747638,-73.899838,a group of cars driving down a street;a group of cars driving down a street next to buildings;a group of cars driving down a city street;a group of cars parked on a city street;a group of cars parked on the side of a road
2017_HqfLr0zGxTKP9TlK3Ph0nw,0.6475971,0.06396508,0.106453836,0.052371114,0.019321054,0.022384107,0.08667639,0.023456544,0.05303964,0.024273247,101,2017_HqfLr0zGxTKP9TlK3Ph0nw_0.jpg,40.757638,-73.969838,a group of people walking down a city street;a group of people walking across a street near tall buildings;a group of people walking down a street next to tall buildings;a group of people standing on the side of a road;a group of people walking across a street next to tall buildings
2017_BK9Bdp1EwSlnNHLijda-_Q,0.632096,0.049699903,0.03968677,0.083764255,0.015835404,0.025169522,0.073872834,0.01479885,0.080518514,0.024176449,101,2017_BK9Bdp1EwSlnNHLijda-_Q_0.jpg,40.767638,-73.949838,a yellow school bus driving down a city street;a yellow school bus driving down a street;a yellow school bus driving down the road;a yellow school bus driving down a street next to tall buildings;a yellow school bus driving down a road
2017_GP0tu6xBtl6SF9PDo7wzJQ,0.42642087,0.06424528,0.037869543,0.19907174,0.0283359,0.05051765,0.10473654,0.019963533,0.22333351,0.055176616,504,2017_GP0tu6xBtl6SF9PDo7wzJQ_0.jpg,40.737638,-74.059838,an empty street with a sky background;an empty street with no cars on it;an empty street with no cars driving down it;a long road with a long line of houses on each side;a long road with a long line of trees
2017_BMe7EnMa5RI2Tnss8yaHkg,0.59314936,0.027374387,0.015512615,0.097946376,0.008604646,0.018226266,0.111682594,0.008173227,0.06657967,0.021784872,101,2017_BMe7EnMa5RI2Tnss8yaHkg_0.jpg,40.747638,-73.909838,a long road with houses on each side;a car driving down a street next to houses;a long road with houses on both sides of it;a long road with houses on both sides of the road;a long road with houses on both sides of the street
2017_tT7M2BqLtLdxbRIRXsO3qg,0.642402,0.058301985,0.07319978,0.06396595,0.016331702,0.021255493,0.07521626,0.018142909,0.06330943,0.023502588,101,2017_tT7M2BqLtLdxbRIRXsO3qg_0.jpg,40.777638,-73.979838,a bus driving down a street next to tall buildings;a city street with cars and buses on it;a city street with cars and a bus;a street with cars and a bus on it;a city street with cars and a bus driving on it
2017_fUbGKUORYfmKZC2hjzUWaQ,0.36582103,0.02694416,0.017070323,0.21441716,0.011469901,0.023933798,0.1810039,0.008801401,0.09224543,0.04048738,301,2017_fUbGKUORYfmKZC2hjzUWaQ_0.jpg,40.697638,-73.869838,a car driving down a road in a rural area;a car driving down a road next to a forest;a car driving down a road next to a field;a car driving down a road next to a lush green field;a car driving down a road next to a lush green forest
2017_j8Zk8uNyfEMcfxBWyekQ0A,0.67507946,0.03573519,0.029458702,0.049291044,0.008345842,0.01592794,0.10369599,0.011729717,0.040535778,0.016713947,101,2017_j8Zk8uNyfEMcfxBWyekQ0A_0.jpg,40.737638,-74.049838,a car parked on the side of the road;a car parked on the side of a road;a car parked on the side of the street;a car parked on the side of the road near houses;a car parked on the side of the road near some houses
2017_oGzrjuVh7vPu0VlRefL4ng,0.46758294,0.051549733,0.027056932,0.16616601,0.022520572,0.04328507,0.10515311,0.015987843,0.1696378,0.043601364,101,2017_oGzrjuVh7vPu0VlRefL4ng_0.jpg,40.777638,-73.949838,a view of a parking lot through a window;a view of a city street from a window;a view of a parking lot through a glass window;a view of a parking lot from the window of a building;a view of a city street from the side of a house
2017_Y0czxYBeF3VE79ebLqWwPA,0.47879413,0.06272906,0.032613456,0.17435265,0.027768552,0.049079537,0.09738472,0.020140886,0.1982122,0.047655016,101,2017_Y0czxYBeF3VE79ebLqWwPA_0.jpg,40.727638,-73.939838,an empty street with no cars on the road;an empty street with no cars on it;an empty street with no cars on both sides;an empty street with no cars on the street;an empty street with a truck parked on the side
2017_C36kZdqIMTM9OGzZdyLLZw,0.6444245,0.031533837,0.021989107,0.06858772,0.008713365,0.017205268,0.08931324,0.009380102,0.052960187,0.018417388,101,2017_C36kZdqIMTM9OGzZdyLLZw_0.jpg,40.757638,-73.819838,a car parked on the side of a street;a car parked on the side of the road;a car parked on the side of a road;a car parked on the side of the street;a car parked on the side of a street near a house
2017_UHJwIk3hWkJjpAAm-_0otg,0.68302774,0.041487932,0.038193792,0.046414047,0.010056943,0.017139435,0.08578336,0.013835788,0.04258451,0.016871095,101,2017_UHJwIk3hWkJjpAAm-_0otg_0.jpg,40.767638,-73.919838,cars parked on the side of the road;cars parked on the side of the street;a group of cars parked on the side of the road;a group of cars parked on the side of a road;a group of cars parked on the side of a street
2017_3iXkX8XLCKacoTHAmgx3Og,0.41218325,0.037532747,0.020085335,0.21045163,0.017234921,0.033350885,0.11504918,0.011926293,0.15514442,0.04230964,301,2017_3iXkX8XLCKacoTHAmgx3Og_0.jpg,40.777638,-74.079838,a highway with a blue sign on the road;a highway with a blue sign on the side;a highway with a blue sign on the side of it;an empty road with a sign that says UNK;a highway with a blue and white sign and trees
2017_TzOqFJnQSU_9_lF4wIf39w,0.68052316,0.037251055,0.0327304,0.048044622,0.008774817,0.015846968,0.096526146,0.011854768,0.040639132,0.015961409,101,2017_TzOqFJnQSU_9_lF4wIf39w_0.jpg,40.767638,-74.039838,a car parked on the side of the road;a car driving down a street past some buildings;a car parked on the side of a street;a car parked in front of a building on a street;a car parked in front of a building on a city street
2017_wsgWVLIDmwz83LmY33Y-hw,0.38890532,0.043474853,0.021849155,0.23903933,0.02249232,0.04321885,0.12758324,0.013827115,0.19058189,0.048080295,301,2017_wsgWVLIDmwz83LmY33Y-hw_0.jpg,40.717638,-74.059838,an empty street with no cars on it;an empty street with no cars driving on it;an empty street with no cars driving down it;an empty street with no cars on the road;an empty street with no cars on it and a sky background
2017_K0Bi1d9kE9B6AoplROm_ZQ,0.6863733,0.04646769,0.042368233,0.04984677,0.011386782,0.018903375,0.08269054,0.0144431,0.04385382,0.01639536,101,2017_K0Bi1d9kE9B6AoplROm_ZQ_0.jpg,40.737638,-73.869838,a car driving down a street past houses;a car parked on the side of the road;a car driving down a street near houses;a car parked on the side of a road;a car parked on the side of the road near some houses
2017_6a1GRwOUM97HVB-R_nYt3A,0.67081726,0.044777602,0.039719492,0.05575481,0.011738777,0.019196004,0.07718682,0.013436317,0.050855428,0.017502546,101,2017_6a1GRwOUM97HVB-R_nYt3A_0.jpg,40.767638,-73.929838,a car driving down a street next to tall buildings;a view of a city street from a car window;a car driving down a street next to buildings;a view of a city street from a vehicle;a view of a city street with cars driving on it
2017_qsVBG5SaWZwXeAblTadz5Q,0.2818312,0.06976253,0.040988326,0.3498715,0.04444343,0.08319771,0.17302778,0.026770145,0.282791,0.087587476,301,2017_qsVBG5SaWZwXeAblTadz5Q_0.jpg,40.737638,-74.079838,a view of a bridge from across the water;a view of the city from a distance;a view of a city skyline from a distance;a view of a city skyline from across a bridge;a view of a city skyline from across the water
2017_QLEu77wP_SMyIf-2mntIXw,0.3301707,0.029160857,0.021752596,0.23462802,0.014537901,0.02522242,0.18365812,0.009928018,0.13194388,0.04407382,301,2017_QLEu77wP_SMyIf-2mntIXw_0.jpg,40.797638,-73.979838,a body of water with a bridge in the background;a body of water with lots of clouds in the sky;a body of water with lots of smoke coming out of it;a body of water with a long boat on it;a body of water with a bridge in the back ground
2017_LziyiZgbK91N3bkVeCIOLQ,0.44875547,0.023939788,0.017341137,0.1633814,0.009036571,0.017757386,0.16030857,0.007474124,0.086844504,0.029212564,101,2017_LziyiZgbK91N3bkVeCIOLQ_0.jpg,40.707638,-74.079838,an empty street with houses in the background;an empty street with houses on both sides;a view of a street with houses and houses in the background;a view of a street with houses and houses on each side;a view of a street with houses and houses in the back
2017_X73yqPUBcjAVu_rGsHX5IQ,0.36195862,0.027554959,0.030037552,0.17387053,0.012231976,0.02237475,0.2993381,0.011812329,0.059189737,0.049137294,502,2017_X73yqPUBcjAVu_rGsHX5IQ_0.jpg,40.777638,-73.969838,a tree branch is in the middle of a field;a field with purple flowers and a dirt path;a tree branch is in the middle of purple flowers;a tree branch is in the middle of a dirt path;a tree branch is in the middle of a dirt road
2017_6w3_v0qrkDwzvNXLqq9lJw,0.68369615,0.052511692,0.055604815,0.047841966,0.013099909,0.019820303,0.07984167,0.016601413,0.04700467,0.017317027,101,2017_6w3_v0qrkDwzvNXLqq9lJw_0.jpg,40.787638,-74.019838,a group of cars parked on a city street;cars are parked on the side of the street;a group of cars parked on the side of a road;cars are parked on the side of the road;a group of cars parked on the side of the road
2017_UminL9NPXYIrg95ghEXKGg,0.33917665,0.047744274,0.026852041,0.28285325,0.028526396,0.05307156,0.13354158,0.016443789,0.21453032,0.064499736,301,2017_UminL9NPXYIrg95ghEXKGg_0.jpg,40.707638,-74.069838,a view of a street from the side of the road;a view of a street from the side of a road;a view of a street from a car window;a view of an empty street from a window;a view of an empty street from a car window
2017_RdAsHKtKDj5xNxK9ib2beQ,0.5035654,0.026184022,0.015983492,0.12936306,0.009202302,0.019304603,0.14413923,0.007751852,0.08778995,0.02742815,101,2017_RdAsHKtKDj5xNxK9ib2beQ_0.jpg,40.807638,-73.999838,a view of a street from a car window;a view of the street from a car window;a view of an empty street with a sky background;a view of a city street with buildings on each side;a view of a city street with buildings and a blue sky
2017_A_ODvOkDCrhN3IgbFzKvAQ,0.44228682,0.022412002,0.019653797,0.1286203,0.009558588,0.016141474,0.16358307,0.007778376,0.079625905,0.030455738,101,2017_A_ODvOkDCrhN3IgbFzKvAQ_0.jpg,40.757638,-73.949838,a body of water with buildings in the background;a large body of water with a city in the background;a view of a city skyline from a river;a large body of water with a city in the back ground;a large body of water with a boat in the middle of it
2017_eENOUxEDLDb0bCyae3BLSw,0.3592672,0.065804124,0.032069802,0.26092485,0.034819633,0.0693838,0.12693927,0.022543281,0.24082154,0.06681168,301,2017_eENOUxEDLDb0bCyae3BLSw_0.jpg,40.717638,-73.909838,a view of the inside of an airplane;a view of the inside of an airport;a view of the airport from a vehicle;a view of the inside of an airport terminal;a view of the inside of a vehicle on a highway
2017_gVD6dNqnYfaVtvka3vtuvQ,0.6672335,0.04085836,0.03931585,0.052522212,0.01006636,0.017365545,0.07923907,0.012429774,0.045892566,0.017066032,101,2017_gVD6dNqnYfaVtvka3vtuvQ_0.jpg,40.707638,-73.929838,a yellow car driving down a street past tall buildings;a couple of cars parked in front of a brick building;a yellow car driving past a tall brick building;a couple of cars parked in front of a building;a yellow car parked in front of a tall building
2017_bSpn2bnHjYAWhAl4xT8BGg,0.33401898,0.059156597,0.031469136,0.29416028,0.035091758,0.06409982,0.12580988,0.020568132,0.25951725,0.07404694,301,2017_bSpn2bnHjYAWhAl4xT8BGg_0.jpg,40.707638,-73.859838,a view of a train track from a distance;a long line of concrete steps leading up to a building;a long line of concrete steps leading to a train station;a long line of concrete steps leading up to a train station;a long line of concrete steps leading to a train
2017_e4Kt_-A1avWNpePdVbUqNw,0.476988,0.021199614,0.016741514,0.12736934,0.00784108,0.015584618,0.16410461,0.007142365,0.073141545,0.027676344,101,2017_e4Kt_-A1avWNpePdVbUqNw_0.jpg,40.757638,-73.939838,a street with a building in the background;a view of a street corner from a distance;a view of a street corner with a building in the background;a street with a building in the background and a sidewalk;a view of a street corner with a building and a tree
2017_XwKlpG1ZUDXiBimxE9fDDA,0.66351753,0.033631742,0.02658543,0.059798032,0.008575559,0.01666522,0.08992961,0.010478228,0.0464606,0.017235607,101,2017_XwKlpG1ZUDXiBimxE9fDDA_0.jpg,40.787638,-74.059838,a street with houses on each side and a street;a view of a residential street with houses and trees;a street with houses on each side and a green grass field;a street with houses on each side and a street light;a street with houses on each side and a street light on it
2017_a7ETAhT_HFTXiA9ZeDYsQw,0.6461853,0.048611403,0.04268521,0.06895694,0.013432413,0.020814866,0.074160576,0.013778359,0.062437475,0.020352155,101,2017_a7ETAhT_HFTXiA9ZeDYsQw_0.jpg,40.737638,-74.009838,a city street with cars driving on it;a street with a few cars on it;a street with a few cars driving on it;a road with cars driving on it and trees in the background;a road with cars driving on it and trees
2017_PqLqwtz4oyaxH6Rt-_bHCg,0.66572666,0.04428649,0.043710887,0.055639684,0.011381358,0.018900692,0.075104415,0.012991756,0.05050665,0.017426819,101,2017_PqLqwtz4oyaxH6Rt-_bHCg_0.jpg,40.747638,-73.999838,a public transit bus on a city street;a bus driving down a street next to tall buildings;a white bus driving down a street next to tall buildings;a white bus driving down a city street;a bus driving down a street next to a tall building
2017_9W52p019clsuKy1i8_9elA,0.68653226,0.046729416,0.041949928,0.04977554,0.011575252,0.018856883,0.080250084,0.014851779,0.0449889,0.01681605,101,2017_9W52p019clsuKy1i8_9elA_0.jpg,40.737638,-73.999838,a truck parked in front of a building;a truck driving down a street next to tall buildings;a truck parked in front of a large building;a truck driving down a street next to a building;a truck driving down a street past a building
2017_JM-BKupOj9JHF28JzrR_AA,0.38926458,0.03889945,0.021331906,0.22777212,0.019770086,0.038240194,0.12796083,0.012353092,0.17066196,0.046913534,301,2017_JM-BKupOj9JHF28JzrR_AA_0.jpg,40.737638,-73.939838,an empty street with a train passing by buildings;an empty street with a train passing by;an empty street with a train passing by a building;a road with a train on the side of it;a road with a train on the side and a building behind it
2017_Gzk8CwiG_vgcfICvPb62mg,0.34149945,0.048003584,0.026794672,0.2620286,0.02824527,0.04881257,0.13619319,0.016316086,0.21495306,0.059129804,301,2017_Gzk8CwiG_vgcfICvPb62mg_0.jpg,40.767638,-74.079838,a long road with power lines above it;a road with power lines and power lines;a long road with power lines and power lines;a long road with power lines and telephone poles;a long road with power lines and power lines above
2017__l7j3-2bX62unw7nx7RfAQ,0.3348976,0.054297715,0.028613359,0.29503942,0.030353487,0.055630445,0.122577965,0.018728971,0.23856291,0.0662356,301,2017__l7j3-2bX62unw7nx7RfAQ_0.jpg,40.747638,-73.929838,a highway with a truck driving down it;an empty highway with a car driving down it;an empty highway with a car driving down the road;a highway with a truck driving down it under a blue sky;a highway with a truck driving down it under a blue cloudy sky
2017_onV9Nro8U0IpmW0RzWqX-Q,0.69100773,0.04610744,0.04896289,0.04114166,0.01110664,0.016898304,0.09001085,0.016583353,0.04075718,0.017467171,101,2017_onV9Nro8U0IpmW0RzWqX-Q_0.jpg,40.727638,-73.979838,a car driving down a street next to tall buildings;a car driving down a street past tall buildings;a car driving down a city street next to tall buildings;a group of cars parked on the side of a street;a group of cars parked on the side of a road
2017_BmMg6nWris0kGbLfYnGBTw,0.3834257,0.026388854,0.018448442,0.20483431,0.010706604,0.021002412,0.16972908,0.008235067,0.1073769,0.034963667,301,2017_BmMg6nWris0kGbLfYnGBTw_0.jpg,40.787638,-73.829838,a empty street with houses in the background;an empty street with houses in the background;a street with houses in the background and houses;a street with houses in the background and houses on the street;a street with houses in the background and houses on the other side
2017_JjZQRSpntyFfQXmTuL8QlQ,0.46128604,0.023606598,0.014779836,0.1522662,0.009705067,0.01900962,0.13600886,0.007415354,0.09719953,0.029602647,101,2017_JjZQRSpntyFfQXmTuL8QlQ_0.jpg,40.747638,-74.039838,a car driving down a road next to tall buildings;a car driving down a street past tall buildings;a car driving down a road next to a tall building;a car driving down a street past a tall building;a car driving down a street next to tall buildings
2017_QjtOcuP4RVVZc0JqioCB7A,0.622821,0.03533587,0.02253005,0.08772382,0.011377603,0.021400481,0.088609815,0.011055738,0.06267446,0.021686763,101,2017_QjtOcuP4RVVZc0JqioCB7A_0.jpg,40.747638,-73.869838,a truck parked on the side of a road;a truck parked on the side of the road;a truck parked on the side of a street;a truck parked on the side of the street;a truck parked on the side of the road near a building
2017_1H-I8gB47izNPuTRMeYfVg,0.5938723,0.040845633,0.024739116,0.101186365,0.014112324,0.024295896,0.08450431,0.01149857,0.09423575,0.02613464,101,2017_1H-I8gB47izNPuTRMeYfVg_0.jpg,40.727638,-73.999838,a view of a city street from a distance;a view of a city street from the street;a view of a city street from a car window;a view of a street with cars and buildings;a view of a city street with buildings and cars
2017_IcNc6AWwNtHHwpniAMjHHA,0.29654866,0.047287762,0.026446015,0.29461062,0.026742756,0.050046086,0.15518078,0.016959906,0.19682997,0.06477958,301,2017_IcNc6AWwNtHHwpniAMjHHA_0.jpg,40.767638,-73.839838,a car driving down a street next to a traffic light;a car driving down a road next to buildings;a long road with some buildings on each side;a car driving down a street next to a building;a car driving down a road next to a street light
2017_M3iJ9Kt01XWO0c-BNVQZgw,0.47039852,0.044803023,0.022191048,0.18606561,0.020997018,0.03907171,0.10338345,0.014555424,0.16140205,0.040331453,101,2017_M3iJ9Kt01XWO0c-BNVQZgw_0.jpg,40.787638,-74.049838,a red and white truck driving down a highway;a red truck driving down a highway next to another car;a red truck driving down a road next to a red truck;a red truck driving down a highway next to a blue sky;a red truck driving down a highway next to another red truck
2017_tEnE2PceIF6PQFO39LoH6Q,0.65725183,0.059398144,0.0674513,0.061092377,0.016783684,0.022240281,0.07187697,0.018621504,0.05920741,0.021935195,101,2017_tEnE2PceIF6PQFO39LoH6Q_0.jpg,40.757638,-73.859838,a group of cars driving down a city street;a group of cars driving down a street;a group of cars driving down a road;a street with cars parked on the side of it;a street with cars parked on the side of the road
2017_k2Ee4ib6S7usmUN829kUNA,0.6482645,0.057911873,0.082344025,0.05428359,0.016252995,0.020936668,0.08007023,0.019040406,0.053695247,0.02160743,101,2017_k2Ee4ib6S7usmUN829kUNA_0.jpg,40.737638,-73.979838,a city street filled with traffic next to tall buildings;a view of a street from a car window;a city street filled with lots of traffic next to tall buildings;a city street filled with lots of traffic near tall buildings;a city street filled with lots of traffic next to buildings
